-- phpMyAdmin SQL Dump
-- version 4.8.3
-- https://www.phpmyadmin.net/
--
-- Host: 127.0.0.1
-- Generation Time: Feb 08, 2019 at 11:34 AM
-- Server version: 10.1.36-MariaDB
-- PHP Version: 7.2.10

SET SQL_MODE = "NO_AUTO_VALUE_ON_ZERO";
SET AUTOCOMMIT = 0;
START TRANSACTION;
SET time_zone = "+00:00";


/*!40101 SET @OLD_CHARACTER_SET_CLIENT=@@CHARACTER_SET_CLIENT */;
/*!40101 SET @OLD_CHARACTER_SET_RESULTS=@@CHARACTER_SET_RESULTS */;
/*!40101 SET @OLD_COLLATION_CONNECTION=@@COLLATION_CONNECTION */;
/*!40101 SET NAMES utf8mb4 */;

--
-- Database: `library`
--

-- --------------------------------------------------------

--
-- Table structure for table `admin`
--

CREATE TABLE `admin` (
  `A_id` int(11) NOT NULL,
  `FullName` varchar(100) NOT NULL,
  `AdminEmail` varchar(120) DEFAULT NULL,
  `UserName` varchar(100) NOT NULL,
  `Password` varchar(100) NOT NULL,
  `UpdationDate` timestamp NOT NULL DEFAULT '0000-00-00 00:00:00' ON UPDATE CURRENT_TIMESTAMP
) ENGINE=InnoDB DEFAULT CHARSET=latin1;

--
-- Dumping data for table `admin`
--

INSERT INTO `admin` (`A_id`, `FullName`, `AdminEmail`, `UserName`, `Password`, `UpdationDate`) VALUES
(1, 'Arun Kumar', 'vim@gmail.com', 'test', '098f6bcd4621d373cade4e832627b4f6', '0000-00-00 00:00:00');

-- --------------------------------------------------------

--
-- Table structure for table `tblauthors`
--

CREATE TABLE `tblauthors` (
  `Au_id` int(11) NOT NULL,
  `AuthorName` varchar(159) DEFAULT NULL,
  `CreationDate` timestamp NULL DEFAULT CURRENT_TIMESTAMP,
  `UpdationDate` timestamp NULL DEFAULT '0000-00-00 00:00:00' ON UPDATE CURRENT_TIMESTAMP
) ENGINE=InnoDB DEFAULT CHARSET=latin1;

--
-- Dumping data for table `tblauthors`
--

INSERT INTO `tblauthors` (`Au_id`, `AuthorName`, `CreationDate`, `UpdationDate`) VALUES
(1, 'FOROUZAN ', '2019-02-07 17:55:40', '0000-00-00 00:00:00'),
(2, 'WOIDJAJA', '2019-02-07 17:55:40', '0000-00-00 00:00:00'),
(3, 'NADER F.MIR', '2019-02-07 17:55:40', '0000-00-00 00:00:00'),
(4, 'LARRYL PETERSON', '2019-02-07 17:55:40', '0000-00-00 00:00:00'),
(5, 'WAYNEL THOMASI', '2019-02-07 17:55:40', '0000-00-00 00:00:00'),
(6, 'ANDREW S TAMENBAUM', '2019-02-07 17:55:40', '0000-00-00 00:00:00'),
(7, 'JEMES F.KUROSE', '2019-02-07 17:55:40', '0000-00-00 00:00:00'),
(8, 'T.G BASAVARAU', '2019-02-07 17:55:40', '0000-00-00 00:00:00'),
(9, 'N .MALATHI RAGHURAM', '2019-02-07 17:55:40', '0000-00-00 00:00:00'),
(10, 'V S BAGAD', '2019-02-07 17:55:40', '0000-00-00 00:00:00'),
(11, 'BHARATH BHUSHAN AGARWAL', '2019-02-07 17:55:40', '0000-00-00 00:00:00'),
(12, 'MANI SUBRAMANIAM', '2019-02-07 17:55:40', '0000-00-00 00:00:00'),
(13, 'VILLIAN STALLINGS', '2019-02-07 17:55:40', '0000-00-00 00:00:00'),
(14, 'WILLIAM STALLINGS', '2019-02-07 17:55:40', '0000-00-00 00:00:00'),
(15, 'THE ORDER S RAPPAPORT', '2019-02-07 17:55:40', '0000-00-00 00:00:00'),
(16, 'SIMON HAYKIN', '2019-02-07 17:55:40', '0000-00-00 00:00:00'),
(17, 'DR.KAMILO FEHER', '2019-02-07 17:55:40', '0000-00-00 00:00:00'),
(18, 'ITI SHAHA MISRA', '2019-02-07 17:55:40', '0000-00-00 00:00:00'),
(19, 'OZAL K TONGUZ', '2019-02-07 17:55:40', '0000-00-00 00:00:00'),
(20, 'PATRIC SMITH', '2019-02-07 17:55:40', '0000-00-00 00:00:00'),
(21, 'RACHANA SHARMA', '2019-02-07 17:55:40', '0000-00-00 00:00:00'),
(22, 'PALLAPA VENKATARAM', '2019-02-07 17:55:40', '0000-00-00 00:00:00'),
(23, 'RALF STEINMETZ', '2019-02-07 17:55:40', '0000-00-00 00:00:00'),
(24, 'FRED HALSALL', '2019-02-07 17:55:40', '0000-00-00 00:00:00'),
(25, 'K R RAO', '2019-02-07 17:55:40', '0000-00-00 00:00:00'),
(26, 'SUJATHA PANDEY', '2019-02-07 17:55:40', '0000-00-00 00:00:00'),
(27, 'MICHEL E WHITMAN', '2019-02-07 17:55:40', '0000-00-00 00:00:00'),
(28, 'ATUL KAHATE', '2019-02-07 17:55:40', '0000-00-00 00:00:00'),
(29, 'ROBERT SPALDING', '2019-02-07 17:55:40', '0000-00-00 00:00:00'),
(30, 'DAVID S', '2019-02-07 17:55:40', '0000-00-00 00:00:00'),
(31, 'MICHAL MILLER', '2019-02-07 17:55:40', '0000-00-00 00:00:00'),
(32, 'GEORGE J', '2019-02-07 17:55:40', '0000-00-00 00:00:00'),
(33, 'SATHISH KUMAR', '2019-02-07 17:55:40', '0000-00-00 00:00:00'),
(34, 'KISHAN MEHROTRA', '2019-02-07 17:55:40', '0000-00-00 00:00:00'),
(35, 'BEHROUZ A F', '2019-02-07 17:55:40', '0000-00-00 00:00:00'),
(36, ' K.SHANKAR', '2019-02-07 17:55:40', '0000-00-00 00:00:00'),
(37, 'KHALID SAYOOD', '2019-02-07 17:55:40', '0000-00-00 00:00:00'),
(38, 'ZE-NIANLI', '2019-02-07 17:55:40', '0000-00-00 00:00:00'),
(39, 'WILLIAM  C Y', '2019-02-07 17:55:40', '0000-00-00 00:00:00'),
(40, 'JOCHAN SSCHILLER', '2019-02-07 17:55:40', '0000-00-00 00:00:00'),
(41, 'ASOKE HASAN', '2019-02-07 17:55:40', '0000-00-00 00:00:00'),
(42, 'PANG-NING', '2019-02-07 17:55:40', '0000-00-00 00:00:00'),
(43, 'GAJENDRA SHARMA', '2019-02-07 17:55:40', '0000-00-00 00:00:00'),
(44, 'ALEX BERSON', '2019-02-07 17:55:40', '0000-00-00 00:00:00'),
(45, 'PING -NING', '2019-02-07 17:55:40', '0000-00-00 00:00:00'),
(46, 'JIAWEI HAN', '2019-02-07 17:55:40', '0000-00-00 00:00:00'),
(47, 'ELAINE RICH', '2019-02-07 17:55:40', '0000-00-00 00:00:00'),
(48, 'ROBERT J S', '2019-02-07 17:55:40', '0000-00-00 00:00:00'),
(49, 'DAN W.PATTERSON', '2019-02-07 17:55:40', '0000-00-00 00:00:00'),
(50, 'STURAT RUSSCELL', '2019-02-07 17:55:40', '0000-00-00 00:00:00'),
(51, 'NILS J N', '2019-02-07 17:55:40', '0000-00-00 00:00:00'),
(52, 'ABRAHAM S', '2019-02-07 17:55:40', '0000-00-00 00:00:00'),
(53, 'SITSANKAR HALDAR', '2019-02-07 17:55:40', '0000-00-00 00:00:00'),
(54, 'I A DHOTRE', '2019-02-07 17:55:40', '0000-00-00 00:00:00'),
(55, 'D M DHAMDHERE', '2019-02-07 17:55:40', '0000-00-00 00:00:00'),
(56, 'PRAMOD CHANDRA P B', '2019-02-07 17:55:40', '0000-00-00 00:00:00'),
(57, 'JAMES K PECKOL', '2019-02-07 17:55:40', '0000-00-00 00:00:00'),
(58, 'FRANK VAHID', '2019-02-07 17:55:40', '0000-00-00 00:00:00'),
(59, 'SHIBU K V', '2019-02-07 17:55:40', '0000-00-00 00:00:00'),
(60, 'RAJKAMAL', '2019-02-07 17:55:40', '0000-00-00 00:00:00'),
(61, 'ANTHONY T V', '2019-02-07 17:55:40', '0000-00-00 00:00:00'),
(62, 'DR.KUMAR SAURABH', '2019-02-07 17:55:40', '0000-00-00 00:00:00'),
(63, 'SIBU K V', '2019-02-07 17:55:40', '0000-00-00 00:00:00'),
(64, 'MAURO PEZZE', '2019-02-07 17:55:40', '0000-00-00 00:00:00'),
(65, 'PAUL J', '2019-02-07 17:55:40', '0000-00-00 00:00:00'),
(66, 'KSHIRASAGAR NAIK', '2019-02-07 17:55:40', '0000-00-00 00:00:00'),
(67, 'D M DHAMDRE', '2019-02-07 17:55:40', '0000-00-00 00:00:00'),
(68, 'W RICHARAD STEVENS', '2019-02-07 17:55:40', '0000-00-00 00:00:00'),
(69, 'TERRENCE CHAN', '2019-02-07 17:55:40', '0000-00-00 00:00:00'),
(70, 'MARC J R', '2019-02-07 17:55:40', '0000-00-00 00:00:00'),
(71, 'BEHROUZ A FOROUZAN', '2019-02-07 17:55:40', '0000-00-00 00:00:00'),
(72, 'SUMITHABA DAS', '2019-02-07 17:55:40', '0000-00-00 00:00:00'),
(73, 'W RICHARD STEVENS', '2019-02-07 17:55:40', '0000-00-00 00:00:00'),
(74, 'T M UTTARA', '2019-02-07 17:55:40', '0000-00-00 00:00:00'),
(75, 'MAURICA J S', '2019-02-07 17:55:40', '0000-00-00 00:00:00'),
(76, 'YOGISH H K', '2019-02-07 17:55:40', '0000-00-00 00:00:00'),
(77, 'I A DOHOTRE', '2019-02-07 17:55:40', '0000-00-00 00:00:00'),
(78, 'STEPHEN  G KOCHAN ', '2019-02-07 17:55:40', '0000-00-00 00:00:00'),
(79, 'YASHAVANT KANETHKAR', '2019-02-07 17:55:40', '0000-00-00 00:00:00'),
(80, 'RAMAKRISHNAA', '2019-02-07 17:55:40', '0000-00-00 00:00:00'),
(81, 'RAMEZ ELMASRI', '2019-02-07 17:55:40', '0000-00-00 00:00:00'),
(82, 'ELMASRI/ NAVATHE', '2019-02-07 17:55:40', '0000-00-00 00:00:00'),
(83, 'ALEXIS LEON', '2019-02-07 17:55:40', '0000-00-00 00:00:00'),
(84, 'THOMAS CONNOLLY', '2019-02-07 17:55:40', '0000-00-00 00:00:00'),
(85, 'G K GUPTA', '2019-02-07 17:55:40', '0000-00-00 00:00:00'),
(86, 'C J DATE', '2019-02-07 17:55:40', '0000-00-00 00:00:00'),
(87, 'DR.P.S DESHPANDE', '2019-02-07 17:55:40', '0000-00-00 00:00:00'),
(88, 'ITL EDUCATION', '2019-02-07 17:55:40', '0000-00-00 00:00:00'),
(89, 'IAN SOMMER VILLE', '2019-02-07 17:55:40', '0000-00-00 00:00:00'),
(90, 'ROGER S P', '2019-02-07 17:55:40', '0000-00-00 00:00:00'),
(91, 'WAMMAN JAWADKER', '2019-02-07 17:55:40', '0000-00-00 00:00:00'),
(92, 'SHARI LAWERENCE', '2019-02-07 17:55:40', '0000-00-00 00:00:00'),
(93, 'K K AGARWAL', '2019-02-07 17:55:40', '0000-00-00 00:00:00'),
(94, 'PANKAJ JALOTE', '2019-02-07 17:55:40', '0000-00-00 00:00:00'),
(95, 'A A PUTTAM BEKAR ', '2019-02-07 17:55:40', '0000-00-00 00:00:00'),
(96, 'NEELAM BHAVAARI', '2019-02-07 17:55:40', '0000-00-00 00:00:00'),
(97, 'RICHARD F', '2019-02-07 17:55:40', '0000-00-00 00:00:00'),
(98, 'F.S HILL', '2019-02-07 17:55:40', '0000-00-00 00:00:00'),
(99, 'HEARN', '2019-02-07 17:55:40', '0000-00-00 00:00:00'),
(100, 'AARMDRENDRA N.SIMHA', '2019-02-07 17:55:40', '0000-00-00 00:00:00'),
(101, 'JAMES D FOLIY', '2019-02-07 17:55:40', '0000-00-00 00:00:00'),
(102, 'EDWARD ANGEL', '2019-02-07 17:55:40', '0000-00-00 00:00:00'),
(103, 'ETHERAM RAZA KHAN', '2019-02-07 17:55:40', '0000-00-00 00:00:00'),
(104, 'A.P GODSE', '2019-02-07 17:55:40', '0000-00-00 00:00:00'),
(105, 'STEVEN HARNINGTON', '2019-02-07 17:55:40', '0000-00-00 00:00:00'),
(106, 'DAVID A PETERSON', '2019-02-07 17:55:40', '0000-00-00 00:00:00'),
(107, 'CARL HAMACHER', '2019-02-07 17:55:40', '0000-00-00 00:00:00'),
(108, 'JHON P HAYS', '2019-02-07 17:55:40', '0000-00-00 00:00:00'),
(109, 'L KRISHNANDA', '2019-02-07 17:55:40', '0000-00-00 00:00:00'),
(110, 'A P GODRE', '2019-02-07 17:55:40', '0000-00-00 00:00:00'),
(111, 'BARRY B BREY', '2019-02-07 17:55:40', '0000-00-00 00:00:00'),
(112, 'POUGLAS V HALL', '2019-02-07 17:55:40', '0000-00-00 00:00:00'),
(113, 'RAMESH GOONKAR', '2019-02-07 17:55:40', '0000-00-00 00:00:00'),
(114, 'A K RAY', '2019-02-07 17:55:40', '0000-00-00 00:00:00'),
(115, 'BERRY B BRAY', '2019-02-07 17:55:40', '0000-00-00 00:00:00'),
(116, 'N MATHIVANAM', '2019-02-07 17:55:40', '0000-00-00 00:00:00'),
(117, 'KENNATH J AYALA', '2019-02-07 17:55:40', '0000-00-00 00:00:00'),
(118, 'P K GOSH', '2019-02-07 17:55:40', '0000-00-00 00:00:00'),
(119, 'DOUGEAY U HALL', '2019-02-07 17:55:40', '0000-00-00 00:00:00'),
(120, 'A NAGOOR', '2019-02-07 17:55:40', '0000-00-00 00:00:00'),
(121, 'K UDAY KUMAR', '2019-02-07 17:55:40', '0000-00-00 00:00:00'),
(122, 'B THEAGARAJ', '2019-02-07 17:55:40', '0000-00-00 00:00:00'),
(123, 'A V KRISHNA MOHAN', '2019-02-07 17:55:40', '0000-00-00 00:00:00'),
(124, 'DAVIEL TABAK', '2019-02-07 17:55:40', '0000-00-00 00:00:00'),
(125, 'LELAND L BECK', '2019-02-07 17:55:40', '0000-00-00 00:00:00'),
(126, 'A A PUNTAMBEKAR', '2019-02-07 17:55:40', '0000-00-00 00:00:00'),
(127, 'JOBN R LEVINE', '2019-02-07 17:55:40', '0000-00-00 00:00:00'),
(128, 'HOROWITZ AND SAHNI', '2019-02-07 17:55:40', '0000-00-00 00:00:00'),
(129, 'RICHARD F GILLORG & BEHROUS A FOROUZEN', '2019-02-07 17:55:40', '0000-00-00 00:00:00'),
(130, 'YEDIDYAH LANGSON', '2019-02-07 17:55:40', '0000-00-00 00:00:00'),
(131, 'NANDAN GOPALANS', '2019-02-07 17:55:40', '0000-00-00 00:00:00'),
(132, 'ELLIS  HOROWITZ', '2019-02-07 17:55:40', '0000-00-00 00:00:00'),
(133, 'S K CHANDHA', '2019-02-07 17:55:40', '0000-00-00 00:00:00'),
(134, 'A M PADMAREDDY', '2019-02-07 17:55:40', '0000-00-00 00:00:00'),
(135, 'MICHAEL T GOODRICH', '2019-02-07 17:55:40', '0000-00-00 00:00:00'),
(136, 'AARON M TENENBAUM', '2019-02-07 17:55:40', '0000-00-00 00:00:00'),
(137, 'FOROUZAL', '2019-02-07 17:55:40', '0000-00-00 00:00:00'),
(138, 'VENKATESH N BAITIPULI', '2019-02-07 17:55:40', '0000-00-00 00:00:00'),
(139, 'VV MUNISWAMY', '2019-02-07 17:55:40', '0000-00-00 00:00:00'),
(140, 'R S BICHKAR', '2019-02-07 17:55:40', '0000-00-00 00:00:00'),
(141, 'A A PUTEMBEKAR', '2019-02-07 17:55:40', '0000-00-00 00:00:00'),
(142, 'CHANDRAKANT NAYKODI', '2019-02-07 17:55:40', '0000-00-00 00:00:00'),
(143, 'ADICHERLA MALLESH', '2019-02-07 17:55:40', '0000-00-00 00:00:00'),
(144, 'ANANY LEVITIN', '2019-02-07 17:55:40', '0000-00-00 00:00:00'),
(145, 'ELLIS HOROWITZ', '2019-02-07 17:55:40', '0000-00-00 00:00:00'),
(146, 'J S MANGAT', '2019-02-07 17:55:40', '0000-00-00 00:00:00'),
(147, 'ALFRED V AHO', '2019-02-07 17:55:40', '0000-00-00 00:00:00'),
(148, 'SANJAY DAS GUOTA', '2019-02-07 17:55:40', '0000-00-00 00:00:00'),
(149, 'ARUP KR BHAUMIK', '2019-02-07 17:55:40', '0000-00-00 00:00:00'),
(150, 'PROF.S NANDA GOPALAN', '2019-02-07 17:55:40', '0000-00-00 00:00:00'),
(151, 'K R VENUGOPAL', '2019-02-07 17:55:40', '0000-00-00 00:00:00'),
(152, 'SOURAV SAHAY', '2019-02-07 17:55:40', '0000-00-00 00:00:00'),
(153, 'BARBARA JHONSTON', '2019-02-07 17:55:40', '0000-00-00 00:00:00'),
(154, 'DR. N V SUBHA REDDY', '2019-02-07 17:55:40', '0000-00-00 00:00:00'),
(155, 'E BALAGURUSWAMY', '2019-02-07 17:55:40', '0000-00-00 00:00:00'),
(156, 'DR.N V SUBHA REDDY', '2019-02-07 17:55:40', '0000-00-00 00:00:00'),
(157, 'DILIP MALLI', '2019-02-07 17:55:40', '0000-00-00 00:00:00'),
(158, 'B RAVINCHANDRAAN', '2019-02-07 17:55:40', '0000-00-00 00:00:00'),
(159, 'SUNIL K PANDAY', '2019-02-07 17:55:40', '0000-00-00 00:00:00'),
(160, 'S M MAHESH', '2019-02-07 17:55:40', '0000-00-00 00:00:00'),
(161, 'DAVID VANDEVOORDE', '2019-02-07 17:55:40', '0000-00-00 00:00:00'),
(162, 'CHETHAN H', '2019-02-07 17:55:40', '0000-00-00 00:00:00'),
(163, 'HERBERT SCHILDT', '2019-02-07 17:55:40', '0000-00-00 00:00:00'),
(164, 'V RAGHAVAN', '2019-02-07 17:55:40', '0000-00-00 00:00:00'),
(165, 'G SUDHA SADASHIVAM', '2019-02-07 17:55:40', '0000-00-00 00:00:00'),
(167, 'CHARLES N FISHER', '2019-02-07 17:55:40', '0000-00-00 00:00:00'),
(168, 'SANDEEP SAXENE', '2019-02-07 17:55:40', '0000-00-00 00:00:00'),
(169, 'ADESH K PANDEY', '2019-02-07 17:55:40', '0000-00-00 00:00:00'),
(170, 'K B N SUNITHA', '2019-02-07 17:55:40', '0000-00-00 00:00:00'),
(171, 'NANDINI PRASAD K S', '2019-02-07 17:55:40', '0000-00-00 00:00:00'),
(172, 'K ENNETH C LOUDEN', '2019-02-07 17:55:40', '0000-00-00 00:00:00'),
(173, 'J K SHARMA', '2019-02-07 17:55:40', '0000-00-00 00:00:00'),
(174, 'SREENIVAS REDDY M', '2019-02-07 17:55:40', '0000-00-00 00:00:00'),
(175, 'FREDRICK S HILLER', '2019-02-07 17:55:40', '0000-00-00 00:00:00'),
(176, 'HANDY A AHA', '2019-02-07 17:55:40', '0000-00-00 00:00:00'),
(177, 'S D SHARMA', '2019-02-07 17:55:40', '0000-00-00 00:00:00'),
(178, 'N RAMANATHAN', '2019-02-07 17:55:40', '0000-00-00 00:00:00'),
(179, 'A JAYAKARA HEGDE', '2019-02-07 17:55:40', '0000-00-00 00:00:00'),
(180, 'JERRY BANKS', '2019-02-07 17:55:40', '0000-00-00 00:00:00'),
(181, 'AVERILL M LAW', '2019-02-07 17:55:40', '0000-00-00 00:00:00'),
(182, 'HISASHI KOBAYASHI', '2019-02-07 17:55:40', '0000-00-00 00:00:00'),
(183, 'SHELDON M ROSS', '2019-02-07 17:55:40', '0000-00-00 00:00:00'),
(184, 'RASHMI AMARDEEP', '2019-02-07 17:55:40', '0000-00-00 00:00:00'),
(185, 'JHON C MARTIN', '2019-02-07 17:55:40', '0000-00-00 00:00:00'),
(186, 'MICHEL HUTN', '2019-02-07 17:55:40', '0000-00-00 00:00:00'),
(187, 'JHON E HOPCRAFT', '2019-02-07 17:55:40', '0000-00-00 00:00:00'),
(188, 'DANIELE I A COHEN', '2019-02-07 17:55:40', '0000-00-00 00:00:00'),
(189, 'K L P MISHRA', '2019-02-07 17:55:40', '0000-00-00 00:00:00'),
(190, 'S N SIVANANDAN', '2019-02-07 17:55:40', '0000-00-00 00:00:00'),
(191, 'KAMALA K', '2019-02-07 17:55:40', '0000-00-00 00:00:00'),
(192, 'A MALATHI PALANI', '2019-02-07 17:55:40', '0000-00-00 00:00:00'),
(193, 'RAFIYA KOUSER', '2019-02-07 17:55:40', '0000-00-00 00:00:00'),
(194, 'RAYMOND GREEN LAW', '2019-02-07 17:55:40', '0000-00-00 00:00:00'),
(195, 'D S MALIK', '2019-02-07 17:55:40', '0000-00-00 00:00:00'),
(196, 'RALPH P GRINALD', '2019-02-07 17:55:40', '0000-00-00 00:00:00'),
(197, 'KENNETH H ROSHEN', '2019-02-07 17:55:40', '0000-00-00 00:00:00'),
(198, 'THOMAS KORHY', '2019-02-07 17:55:40', '0000-00-00 00:00:00'),
(199, 'RALPH P GRIMALDI', '2019-02-07 17:55:40', '0000-00-00 00:00:00'),
(200, 'DR .K S C', '2019-02-07 17:55:40', '0000-00-00 00:00:00'),
(201, 'DR.N G GOUDRU', '2019-02-07 17:55:40', '0000-00-00 00:00:00'),
(202, 'DR. D S C', '2019-02-07 17:55:40', '0000-00-00 00:00:00'),
(203, 'G SHANKAR RAO', '2019-02-07 17:55:40', '0000-00-00 00:00:00'),
(204, 'N RADHAKRISHNA', '2019-02-07 17:55:40', '0000-00-00 00:00:00'),
(205, 'DR.D S C', '2019-02-07 17:55:40', '0000-00-00 00:00:00'),
(206, 'DONALD P LEACC', '2019-02-07 17:55:40', '0000-00-00 00:00:00'),
(207, 'MICHEL HUTH', '2019-02-07 17:55:40', '0000-00-00 00:00:00'),
(208, 'R S ALLURKAR', '2019-02-07 17:55:40', '0000-00-00 00:00:00'),
(209, 'STEPHEN P ROBERT', '2019-02-07 17:55:40', '0000-00-00 00:00:00'),
(210, 'K VENKATARAMANA', '2019-02-07 17:55:40', '0000-00-00 00:00:00'),
(211, 'GAIL FREEMAN', '2019-02-07 17:55:40', '0000-00-00 00:00:00'),
(212, 'P C TRUPATHI', '2019-02-07 17:55:40', '0000-00-00 00:00:00'),
(213, 'ROBERT IN DUSSIES', '2019-02-07 17:55:40', '0000-00-00 00:00:00'),
(214, 'PROF.RAMESH BURBURE', '2019-02-07 17:55:40', '0000-00-00 00:00:00'),
(215, 'M K PURSHOTHAM', '2019-02-07 17:55:40', '0000-00-00 00:00:00'),
(216, 'B JANAKI RAM', '2019-02-07 17:55:40', '0000-00-00 00:00:00'),
(217, 'N V R NAIDU', '2019-02-07 17:55:40', '0000-00-00 00:00:00'),
(218, 'VEERABHADRAPPA', '2019-02-07 17:55:40', '0000-00-00 00:00:00'),
(219, 'ANIL K MANVI', '2019-02-07 17:55:40', '0000-00-00 00:00:00'),
(220, 'A P GODSE', '2019-02-07 17:55:40', '0000-00-00 00:00:00'),
(221, 'DAVID', '2019-02-07 17:55:40', '0000-00-00 00:00:00'),
(222, 'N NAGOOR KANI', '2019-02-07 17:55:40', '0000-00-00 00:00:00'),
(223, 'JACOB MILLMAM', '2019-02-07 17:55:40', '0000-00-00 00:00:00'),
(224, 'ALBERT MALVNO', '2019-02-07 17:55:40', '0000-00-00 00:00:00'),
(225, 'S SALIVA HANOUR', '2019-02-07 17:55:40', '0000-00-00 00:00:00'),
(226, 'R D SUDHAKAR SAMUL', '2019-02-07 17:55:40', '0000-00-00 00:00:00'),
(227, 'ALIBAHSAMIC', '2019-02-07 17:55:40', '0000-00-00 00:00:00'),
(228, 'BOOCH JOCOBSON', '2019-02-07 17:55:40', '0000-00-00 00:00:00'),
(229, 'MICHEL R BLAHA', '2019-02-07 17:55:40', '0000-00-00 00:00:00'),
(230, 'CAY HORSTMAN', '2019-02-07 17:55:40', '0000-00-00 00:00:00'),
(231, 'MARK PRIESTLEY', '2019-02-07 17:55:40', '0000-00-00 00:00:00'),
(232, 'D JAYA MALA S GEETHA', '2019-02-07 17:55:40', '0000-00-00 00:00:00'),
(233, 'PRITI MISHRA', '2019-02-07 17:55:40', '0000-00-00 00:00:00'),
(234, 'LEN BASS', '2019-02-07 17:55:40', '0000-00-00 00:00:00'),
(235, 'ERICH GAMMA', '2019-02-07 17:55:40', '0000-00-00 00:00:00'),
(236, 'MARY SHAW', '2019-02-07 17:55:40', '0000-00-00 00:00:00'),
(237, 'FRANK BUSHMAN', '2019-02-07 17:55:40', '0000-00-00 00:00:00'),
(238, 'KAI HUANG', '2019-02-07 17:55:40', '0000-00-00 00:00:00'),
(239, 'DAVID E CELLER', '2019-02-07 17:55:40', '0000-00-00 00:00:00'),
(240, 'FAYE A BRIGGS', '2019-02-07 17:55:40', '0000-00-00 00:00:00'),
(241, 'P J DEITEL', '2019-02-07 17:55:40', '0000-00-00 00:00:00'),
(242, 'RICK DARNELL', '2019-02-07 17:55:40', '0000-00-00 00:00:00'),
(243, 'ROBERT W SEBESTA', '2019-02-07 17:55:40', '0000-00-00 00:00:00'),
(244, 'KOGENT', '2019-02-07 17:55:40', '0000-00-00 00:00:00'),
(245, 'CHRIS BATES', '2019-02-07 17:55:40', '0000-00-00 00:00:00'),
(246, 'SHIBIR GUNDAVARAM', '2019-02-07 17:55:40', '0000-00-00 00:00:00'),
(247, 'CHITRA RAVI', '2019-02-07 17:55:40', '0000-00-00 00:00:00'),
(248, 'N RATNAKAR RAO', '2019-02-07 17:55:40', '0000-00-00 00:00:00'),
(249, 'STEVEN HOLZER', '2019-02-07 17:55:40', '0000-00-00 00:00:00'),
(250, 'ANDREW', '2019-02-07 17:55:40', '0000-00-00 00:00:00'),
(251, 'KEVIN MUKHAR', '2019-02-07 17:55:40', '0000-00-00 00:00:00'),
(252, 'JIM KEOGH', '2019-02-07 17:55:40', '0000-00-00 00:00:00'),
(253, 'HERBERT SEHILD', '2019-02-07 17:55:40', '0000-00-00 00:00:00'),
(254, 'ASHOK KUMAR .K', '2019-02-07 17:55:40', '0000-00-00 00:00:00'),
(255, 'PATRICK DAUGHTEN', '2019-02-07 17:55:40', '0000-00-00 00:00:00'),
(256, 'JAMES W COOPER', '2019-02-07 17:55:40', '0000-00-00 00:00:00'),
(257, 'JSP HAND BOOK', '2019-02-07 17:55:40', '0000-00-00 00:00:00'),
(258, 'A A PUTTAMBEKAR', '2019-02-07 17:55:40', '0000-00-00 00:00:00'),
(259, 'PETER NORTON', '2019-02-07 17:55:40', '0000-00-00 00:00:00'),
(260, 'RAJESH HONGAL', '2019-02-07 17:55:40', '0000-00-00 00:00:00'),
(261, 'B A FOROUZAN', '2019-02-07 17:55:40', '0000-00-00 00:00:00'),
(262, 'ROBERT LAFORE', '2019-02-07 17:55:40', '0000-00-00 00:00:00'),
(263, 'BALAGURUSWAMY', '2019-02-07 17:55:40', '0000-00-00 00:00:00'),
(264, 'ASHOK N', '2019-02-07 17:55:40', '0000-00-00 00:00:00'),
(265, 'VIKAS GUPTA', '2019-02-07 17:55:40', '0000-00-00 00:00:00'),
(266, 'NITHIN', '2019-02-07 17:55:40', '0000-00-00 00:00:00'),
(267, 'V RAJARAMAN', '2019-02-07 17:55:40', '0000-00-00 00:00:00'),
(268, 'MANISH V', '2019-02-07 17:55:40', '0000-00-00 00:00:00'),
(269, 'DILIP M', '2019-02-07 17:55:40', '0000-00-00 00:00:00'),
(270, 'P B KTUR', '2019-02-07 17:55:40', '0000-00-00 00:00:00'),
(271, 'BRAIN W KERNIGHAN', '2019-02-07 17:55:40', '0000-00-00 00:00:00'),
(272, 'GAUTHAM ROY', '2019-02-07 17:55:40', '0000-00-00 00:00:00'),
(273, 'DR. NANDINI S SINDAL', '2019-02-07 17:55:40', '0000-00-00 00:00:00'),
(274, 'B K MOHAN', '2019-02-07 17:55:40', '0000-00-00 00:00:00'),
(275, 'AVIK BANERJE', '2019-02-07 17:55:40', '0000-00-00 00:00:00'),
(276, 'MANJUNATH ARADHYA M', '2019-02-07 17:55:40', '0000-00-00 00:00:00'),
(277, 'R S A', '2019-02-07 17:55:40', '0000-00-00 00:00:00'),
(278, 'DR.K S C', '2019-02-07 17:55:40', '0000-00-00 00:00:00'),
(279, 'PROF.S S BOSLO', '2019-02-07 17:55:40', '0000-00-00 00:00:00'),
(280, 'RAJ JAIN', '2019-02-07 17:55:40', '0000-00-00 00:00:00'),
(281, 'PAUL J-FORTIER', '2019-02-07 17:55:40', '0000-00-00 00:00:00'),
(282, 'HOROWITZ', '2019-02-07 17:55:40', '0000-00-00 00:00:00'),
(283, 'WAYNE WALF', '2019-02-07 17:55:40', '0000-00-00 00:00:00'),
(284, 'LAN SOMMERVILL ', '2019-02-07 17:55:40', '0000-00-00 00:00:00'),
(285, 'MICHAEL ', '2019-02-07 17:55:40', '0000-00-00 00:00:00'),
(286, 'GILLAD BRACHA', '2019-02-07 17:55:40', '0000-00-00 00:00:00'),
(287, 'SEEMA KEDAR', '2019-02-07 17:55:40', '0000-00-00 00:00:00'),
(288, 'JAMES F KUROSE', '2019-02-07 17:55:40', '0000-00-00 00:00:00'),
(289, 'NADER F MIR', '2019-02-07 17:55:40', '0000-00-00 00:00:00'),
(290, 'N NARSIMHA SWAMY', '2019-02-07 17:55:40', '0000-00-00 00:00:00'),
(291, 'R K RAJPUT', '2019-02-07 17:55:40', '0000-00-00 00:00:00'),
(292, 'S S BHAVI KATTI', '2019-02-07 17:55:40', '0000-00-00 00:00:00'),
(293, 'K V RAO', '2019-02-07 17:55:40', '0000-00-00 00:00:00'),
(294, 'DR. K GEETHA BALAKRISHNA', '2019-02-07 17:55:40', '0000-00-00 00:00:00'),
(295, 'DR.B S JAI PRAKASH', '2019-02-07 17:55:40', '0000-00-00 00:00:00'),
(296, 'ANIL KUMAR D', '2019-02-07 17:55:40', '0000-00-00 00:00:00'),
(297, 'SHASHIKALA', '2019-02-07 17:55:40', '0000-00-00 00:00:00'),
(298, 'P C TRIPATHI', '2019-02-07 17:55:40', '0000-00-00 00:00:00'),
(299, 'ACE', '2019-02-07 17:55:40', '0000-00-00 00:00:00'),
(300, 'RAJKUMAR B JAMES ANDREW', '2019-02-07 17:55:40', '0000-00-00 00:00:00'),
(301, 'MICHAEL E HERBERT J', '2019-02-07 17:55:40', '0000-00-00 00:00:00'),
(302, 'MULLET', '2019-02-07 17:55:40', '0000-00-00 00:00:00'),
(303, 'DANIEL MINDI', '2019-02-07 17:55:40', '0000-00-00 00:00:00'),
(304, 'DONALD BAKER', '2019-02-07 17:55:40', '0000-00-00 00:00:00'),
(305, 'NAVATHE', '2019-02-07 17:55:40', '0000-00-00 00:00:00'),
(306, 'DHAMDHERE', '2019-02-07 17:55:40', '0000-00-00 00:00:00'),
(307, 'DAVID SIMON', '2019-02-07 17:55:40', '0000-00-00 00:00:00'),
(308, 'LCVITIN', '2019-02-07 17:55:40', '0000-00-00 00:00:00'),
(309, 'EVANGDAS PETROUTSOS', '2019-02-07 17:55:40', '0000-00-00 00:00:00'),
(310, 'JHON HENNRY', '2019-02-07 17:55:40', '0000-00-00 00:00:00'),
(311, 'WAYNE WOLF', '2019-02-07 17:55:40', '0000-00-00 00:00:00'),
(312, 'M C EDUCATION SERVISES', '2019-02-07 17:55:40', '0000-00-00 00:00:00'),
(313, 'ULF TROPPER', '2019-02-07 17:55:40', '0000-00-00 00:00:00'),
(314, 'EMC', '2019-02-07 17:55:40', '0000-00-00 00:00:00'),
(315, 'PETTRSON', '2019-02-07 17:55:40', '0000-00-00 00:00:00'),
(316, 'MK', '2019-02-07 17:55:40', '0000-00-00 00:00:00'),
(317, 'ROBERT.W.SEBESTA', '2019-02-07 17:55:40', '0000-00-00 00:00:00'),
(318, 'MICHAEL BLAHA ', '2019-02-07 17:55:40', '0000-00-00 00:00:00'),
(319, 'NIIT', '2019-02-07 17:55:40', '0000-00-00 00:00:00'),
(320, 'DHANAJAY.M', '2019-02-07 17:55:40', '0000-00-00 00:00:00'),
(321, 'BERNARD L MENEZES', '2019-02-07 17:55:40', '0000-00-00 00:00:00'),
(322, 'DANANJAY M', '2019-02-07 17:55:40', '0000-00-00 00:00:00'),
(323, 'FROUZAN', '2019-02-07 17:55:40', '0000-00-00 00:00:00'),
(324, 'M S BHAGYASHEKAR', '2019-02-07 17:55:40', '0000-00-00 00:00:00'),
(325, 'RAMAZ', '2019-02-07 17:55:40', '0000-00-00 00:00:00'),
(326, 'SANJOY DASGUPTE', '2019-02-07 17:55:40', '0000-00-00 00:00:00'),
(327, 'DOUGLAS V HALL', '2019-02-07 17:55:40', '0000-00-00 00:00:00'),
(328, 'DR.KSC', '2019-02-07 17:55:40', '0000-00-00 00:00:00'),
(329, 'NVR NAIDU', '2019-02-07 17:55:40', '0000-00-00 00:00:00'),
(330, 'MARILYN WOLF', '2019-02-07 17:55:40', '0000-00-00 00:00:00'),
(331, 'MICHEL BLAHA', '2019-02-07 17:55:40', '0000-00-00 00:00:00'),
(332, 'BARRY.B.BREY', '2019-02-07 17:55:40', '0000-00-00 00:00:00'),
(333, 'AM PADMA REDDY', '2019-02-07 17:55:40', '0000-00-00 00:00:00'),
(334, 'DR.DSC', '2019-02-07 17:55:40', '0000-00-00 00:00:00'),
(335, 'JOHN E HOPCROFT', '2019-02-07 17:55:40', '0000-00-00 00:00:00'),
(336, 'JOHN R LEVINE', '2019-02-07 17:55:40', '0000-00-00 00:00:00'),
(337, 'DR DSC', '2019-02-07 17:55:40', '0000-00-00 00:00:00'),
(338, 'ANIL K MAINI', '2019-02-07 17:55:40', '0000-00-00 00:00:00'),
(339, 'DONALD P LEACK', '2019-02-07 17:55:40', '0000-00-00 00:00:00'),
(340, 'SOMMERVILLE', '2019-02-07 17:55:40', '0000-00-00 00:00:00'),
(341, 'SREENIVASA REDDY', '2019-02-07 17:55:40', '0000-00-00 00:00:00'),
(342, 'G SOMASUNADARAM', '2019-02-07 17:55:40', '0000-00-00 00:00:00'),
(343, 'DONALD P LEACH', '2019-02-07 17:55:40', '0000-00-00 00:00:00'),
(344, 'JOHN L HENNESSY', '2019-02-07 17:55:40', '0000-00-00 00:00:00'),
(345, 'JERAIL G GRAEME', '2019-02-07 17:55:40', '0000-00-00 00:00:00'),
(346, 'ABRAHAM SILBERSCATZ', '2019-02-07 17:55:40', '0000-00-00 00:00:00'),
(347, 'IA DHOTRE', '2019-02-07 17:55:40', '0000-00-00 00:00:00'),
(348, 'DR KSC', '2019-02-07 17:55:40', '0000-00-00 00:00:00'),
(349, 'SP BASAVARAJU', '2019-02-07 17:55:40', '0000-00-00 00:00:00'),
(350, 'PC TRIPATHI', '2019-02-07 17:55:40', '0000-00-00 00:00:00'),
(351, 'YEDIDYAL LANGASAM', '2019-02-07 17:55:40', '0000-00-00 00:00:00'),
(352, 'MODEL QUESTIONS', '2019-02-07 17:55:40', '0000-00-00 00:00:00'),
(353, 'B GOVINDA RAJULU', '2019-02-07 17:55:40', '0000-00-00 00:00:00'),
(354, 'SATHISH HUNNAR', '2019-02-07 17:55:40', '0000-00-00 00:00:00'),
(355, 'WILEY', '2019-02-07 17:55:40', '0000-00-00 00:00:00'),
(356, 'DONALD D GIVONE', '2019-02-07 17:55:40', '0000-00-00 00:00:00'),
(357, 'K SHASHIDAR', '2019-02-07 17:55:40', '0000-00-00 00:00:00'),
(358, 'JAI PRAKASH', '2019-02-07 17:55:40', '0000-00-00 00:00:00'),
(359, 'INDRA WIDIJAYA', '2019-02-07 17:55:40', '0000-00-00 00:00:00'),
(360, 'P B KOTUR', '2019-02-07 17:55:40', '0000-00-00 00:00:00');

-- --------------------------------------------------------

--
-- Table structure for table `tblbooks`
--

CREATE TABLE `tblbooks` (
  `BookName` varchar(255) NOT NULL,
  `Status` int(2) DEFAULT '1',
  `C_id` int(11) DEFAULT NULL,
  `Au_id` int(11) DEFAULT NULL,
  `B_id` varchar(15) NOT NULL,
  `Edition` varchar(25) DEFAULT NULL,
  `No_Of_Pages` int(6) DEFAULT NULL,
  `Publisher` varchar(40) DEFAULT NULL,
  `RegDate` timestamp NULL DEFAULT CURRENT_TIMESTAMP,
  `UpdationDate` timestamp NULL DEFAULT '0000-00-00 00:00:00' ON UPDATE CURRENT_TIMESTAMP
) ENGINE=InnoDB DEFAULT CHARSET=latin1;

--
-- Dumping data for table `tblbooks`
--

INSERT INTO `tblbooks` (`BookName`, `Status`, `C_id`, `Au_id`, `B_id`, `Edition`, `No_Of_Pages`, `Publisher`, `RegDate`, `UpdationDate`) VALUES
('DATA COMMUNICATION & NETWORKING', 1, 3, 1, 'CS001', '5TH ', 1226, 'MCGREW', '2019-02-07 17:58:43', '0000-00-00 00:00:00'),
('DATA COMMUNICATION & NETWORKING', 1, 3, 1, 'CS002', '4TH', 1136, 'MCGREW', '2019-02-07 17:58:43', '0000-00-00 00:00:00'),
('DATA COMMUNICATION & NETWORKING', 1, 3, 2, 'CS008', '2ND 2004', 900, 'MCGREW', '2019-02-07 17:58:43', '2019-02-07 18:02:26'),
(' COMMUNICATION & NETWORKINS', 1, 5, 2, 'CS009', '2ND 2004', 900, 'MCGREW', '2019-02-07 17:58:43', '2019-02-07 18:02:26'),
('AA', 1, 2, 3, 'CS00ee', '20', NULL, 'sdd', '2019-02-08 10:32:06', '0000-00-00 00:00:00'),
('COMMUNICATION & NETWORKINS', 1, 5, 2, 'CS010', '2ND 2004', 900, 'MCGREW', '2019-02-07 17:58:43', '2019-02-07 18:02:26'),
(' COMMUNICATION & NETWORKINS', 1, 5, 2, 'CS012', '2ND ', 900, 'MCGREW', '2019-02-07 17:58:43', '2019-02-07 18:02:26'),
('COMPUTER & NETWORK COMMUNICATIONS', 1, 5, 3, 'CS013', '4TH', 417, 'PEARSON', '2019-02-07 17:58:43', '2019-02-07 18:02:26'),
('COMPUTER NETWORKS', 1, 5, 4, 'CS015', '5TH ', 884, 'M K', '2019-02-07 17:58:43', '2019-02-07 18:02:26'),
('INTRODUCTION TO DATA COMMUNICATION AND NETWORKING ', 1, 3, 5, 'CS016', '6TH ', 985, 'PEARSON', '2019-02-07 17:58:43', '2019-02-07 18:02:26'),
('COMPUTER NETWORKS', 1, 5, 6, 'CS018', '4TH', 891, 'PEARSON', '2019-02-07 17:58:43', '2019-02-07 18:02:26'),
('COMPUTER NETWORKS', 1, 5, 4, 'CS019', '5TH ', 584, 'M K', '2019-02-07 17:58:43', '2019-02-07 18:02:26'),
('COMPUTER NETWORKS', 1, 5, 4, 'CS020', '5TH ', 884, 'MK', '2019-02-07 17:58:43', '2019-02-07 18:02:26'),
('COMPUTER NETWORKING', 1, 5, 7, 'CS021', '5TH ', 888, 'PEARSON', '2019-02-07 17:58:43', '2019-02-07 18:02:26'),
('COMPUTER NETWORK-II', 1, 5, 8, 'CS022', '1ST', 331, 'ECONOMY', '2019-02-07 17:58:43', '2019-02-07 18:02:26'),
('COMPUTER NETWORK-II', 1, 5, 9, 'CS023', '1ST', 0, 'PROFESSONAL', '2019-02-07 17:58:43', '2019-02-07 18:02:26'),
('COMPUTER NETWORK-II', 1, 5, 10, 'CS024', '1ST', 0, 'TECHNICAL', '2019-02-07 17:58:43', '2019-02-07 18:02:26'),
('COMPUTER NETWORK-II', 1, 5, 11, 'CS025', '1ST', 246, 'UNIVERSITY SCIENCE PRESS', '2019-02-07 17:58:43', '2019-02-07 18:02:26'),
('NETWORKS MANAGEMENT PRINCIPLES & PRACTICE', 1, 5, 12, 'CS026', '1ST', 662, 'PEARSON', '2019-02-07 17:58:43', '2019-02-07 18:02:26'),
('DATA COMPUTER COMMUNICATION ', 1, 5, 13, 'CS027', '8TH', 834, 'PEARSON', '2019-02-07 17:58:43', '2019-02-07 18:02:26'),
(' DATA COMMUNICATION NETWORKING', 1, 3, 1, 'CS029', '5TH ', 1226, 'MCGREW', '2019-02-07 17:58:43', '0000-00-00 00:00:00'),
('WIRELESS COMMUNICATION AND NETWORKING', 1, 5, 14, 'CS030', '2ND', 598, 'PEARSON', '2019-02-07 17:58:43', '2019-02-07 18:02:26'),
(' DATA COMMUNICATION NETWORKING', 1, 3, 1, 'CS031', '3RD', 973, 'MCGREW', '2019-02-07 17:58:43', '0000-00-00 00:00:00'),
('NETWORKS MANAGEMENT PRINCIPLES & PRACTICE', 1, 5, 15, 'CS032', '2ND', 707, 'EASTERN ECONOMY', '2019-02-07 17:58:43', '2019-02-07 18:02:26'),
('NETWORKS SECURITY ESSENTIALS APPLICATION AND STANDARDS', 1, 5, 14, 'CS033', '`4TH', 417, 'PEARSON', '2019-02-07 17:58:43', '2019-02-07 18:02:26'),
('DIGITAL COMMUNICATIN ', 1, 3, 16, 'CS035', '1ST', 597, 'WILLEY INDIA', '2019-02-07 17:58:43', '2019-02-07 18:02:26'),
('WIRLESS DIGITAL COMMUNICATIN ', 1, 3, 17, 'CS036', '1ST', 524, 'ASHOK K GOSH', '2019-02-07 17:58:43', '2019-02-07 18:02:26'),
('WIRELESS COMMUNICATION AND NETWORK', 1, 5, 18, 'CS037', '2ND', 551, 'MCGREW', '2019-02-07 17:58:43', '2019-02-07 18:02:26'),
('ADHOC WIRELESS NETWORKS', 1, 5, 19, 'CS038', '1ST', 330, 'WILLEY INDIA', '2019-02-07 17:58:43', '2019-02-07 18:02:26'),
('CLIENT/SERVER COMPUTING', 1, 5, 20, 'CS039', '2ND', 354, 'ASHOK K GOSH', '2019-02-07 17:58:43', '2019-02-07 18:02:26'),
('DATA AND COMPUTER COMMNICATION', 1, 3, 21, 'CS040', '1ST', 136, 'UNIVERSITY SCIENCE PRESS', '2019-02-07 17:58:43', '2019-02-07 18:02:26'),
('COMMUNICATION PROTOCOL ENGINEERING', 1, 5, 22, 'CS041', '1ST', 284, 'ASHOK K GOSH', '2019-02-07 17:58:43', '2019-02-07 18:02:26'),
('MULTI MEDIA COMPUTING COMMUNICATION AND APPLICATION ', 1, 5, 23, 'CS042', '1ST', 854, 'PEARSON', '2019-02-07 17:58:43', '2019-02-07 18:02:26'),
('MULTI MEDIA COMMUNICATIONS', 1, 5, 24, 'CS044', '1ST', 1056, 'PEARSON', '2019-02-07 17:58:43', '2019-02-07 18:02:26'),
('INTRODUCTION TO MULTIMEDI COMMUNICATIONS', 1, 5, 25, 'CS045', '1ST', 732, 'WILLEY INDIA', '2019-02-07 17:58:43', '2019-02-07 18:02:26'),
(' MULTIMEDIA', 1, 5, 26, 'CS046', '1ST', 312, 'S K KATARIA & SONS', '2019-02-07 17:58:43', '2019-02-07 18:02:26'),
('PRINCIPLES OF  INFORMATION SECURITY', 1, 7, 27, 'CS047', '4TH', 616, '', '2019-02-07 17:58:43', '2019-02-07 18:02:26'),
('PRINCIPLES OF  INFORMATION SECURITY', 1, 7, 27, 'CS048', '4TH', 618, '', '2019-02-07 17:58:43', '2019-02-07 18:02:26'),
('CRYPTOGRAPHY AND NETWORK SECURITY', 1, 7, 28, 'CS049', '1ST', 434, 'TATA MCGREW', '2019-02-07 17:58:43', '2019-02-07 18:02:26'),
('CRYPTOGRAPHY AND NETWORK SECURITY', 1, 7, 1, 'CS050', '2ND', 702, 'MCGREW', '2019-02-07 17:58:43', '0000-00-00 00:00:00'),
('STORAGE NETWORKS', 1, 7, 29, 'CS051', '2003', 526, 'TATA MCGREW', '2019-02-07 17:58:43', '2019-02-07 18:02:26'),
('CLOUD COMPUTING', 1, 4, 30, 'CS055', '2010', 239, 'PEARSON', '2019-02-07 17:58:43', '2019-02-07 18:02:26'),
('CLOUD COMPUTING', 1, 4, 31, 'CS056', '8TH', 293, 'PEARSON', '2019-02-07 17:58:43', '2019-02-07 18:02:26'),
('CLOUD COMPUTING', 1, 4, 31, 'CS057', 'D', 293, 'PEARSON', '2019-02-07 17:58:43', '2019-02-07 18:02:26'),
('FUZZY SETS AND LOGIC', 1, 5, 32, 'CS058', '1995', 574, 'PHI', '2019-02-07 17:58:43', '2019-02-07 18:02:26'),
('NURAL NETWORKS', 1, 4, 33, 'CS059', '2ND', 735, 'MCGREW', '2019-02-07 17:58:43', '2019-02-07 18:02:26'),
('ELEMENTS OF ANN', 1, 4, 34, 'CS060', '2ND', 397, 'PRI', '2019-02-07 17:58:43', '2019-02-07 18:02:26'),
('DATA COMMUNICATION & NETWORKING', 1, 3, 35, 'CS062', '4TH', 1134, 'MC GREW', '2019-02-07 17:58:43', '2019-02-07 18:02:26'),
('NURAL NETWORKS', 1, 4, 16, 'CS063', '2ND', 842, 'PEARSON', '2019-02-07 17:58:43', '2019-02-07 18:02:26'),
('COMPUTER APPLICATIONS', 1, NULL, 36, 'CS064', '1ST', 252, 'SUBAS STORES', '2019-02-07 17:58:43', '2019-02-08 08:11:35'),
('DATA COMPRESSION', 1, 6, 37, 'CS065', '3RD', 680, 'ELSEVIER', '2019-02-07 17:58:43', '2019-02-07 18:02:26'),
('FUNDAMENTALS OF MULTIMEDIA', 1, 5, 38, 'CS066', '2004', 560, 'PHI', '2019-02-07 17:58:43', '2019-02-07 18:02:26'),
('MOBILE CELLULAR TELECOMMUNICATION', 1, 5, 39, 'CS067', '2ND', 664, 'MCGREW HILL', '2019-02-07 17:58:43', '2019-02-07 18:02:26'),
('MOBILE COMMUNICATION', 1, 5, 40, 'CS069', '2ND', 512, 'PEARSON', '2019-02-07 17:58:43', '2019-02-07 18:02:26'),
('MOBILE COMPUTING', 1, 5, 41, 'CS070', '2ND', 627, 'MCGREW HILL', '2019-02-07 17:58:43', '2019-02-07 18:02:26'),
('DATA MINING', 1, 6, 42, 'CS073', '1ST', 769, 'PEARSON', '2019-02-07 17:58:43', '2019-02-07 18:02:26'),
('DATA MINING', 1, 6, 43, 'CS074', '1ST', 424, 'KATSON BOOK', '2019-02-07 17:58:43', '2019-02-07 18:02:26'),
('DATA MINING', 1, 6, 44, 'CS075', '2004', 612, 'MCGREW HILL', '2019-02-07 17:58:43', '2019-02-07 18:02:26'),
('DATA MINING', 1, 6, 45, 'CS076', '1ST', 769, 'PEARSON', '2019-02-07 17:58:43', '2019-02-07 18:02:26'),
('DATA MINING', 1, 6, 46, 'CS077', '2ND', 770, 'MORGON', '2019-02-07 17:58:43', '2019-02-07 18:02:26'),
('DATA MINING', 1, 6, 46, 'CS078', '2001', 550, 'MARGON', '2019-02-07 17:58:43', '2019-02-07 18:02:26'),
('ARTIFICIAL INTELLIGENCE', 1, 6, 47, 'CS079', '3RD', 568, 'TATA MCGREW', '2019-02-07 17:58:43', '2019-02-07 18:02:26'),
('ARTIFICIAL NEURAL NETWORKS', 1, 6, 48, 'CS080', '2011', 422, 'MCGREWHILL', '2019-02-07 17:58:43', '2019-02-07 18:02:26'),
('ARTIFICIAL INTELLIGENCE & EXPEERT SYSTEMS', 1, 6, 49, 'CS081', '1997', 448, 'PHI', '2019-02-07 17:58:43', '2019-02-07 18:02:26'),
('ARTIFICAL INTELLIGENCE', 1, 6, 50, 'CS082', '2ND', 1022, 'PEARSON', '2019-02-07 17:58:43', '2019-02-07 18:02:26'),
('ARTIFICAL INTELLIGENCE', 1, 6, 51, 'CS083', '2002', 476, 'PEARSON', '2019-02-07 17:58:43', '2019-02-07 18:02:26'),
('OPERATING SYSTEMS PRINCIPLES', 1, 6, 52, 'CS084', '7TH', 896, 'NAROSA', '2019-02-07 17:58:43', '2019-02-07 18:02:26'),
('OPERATING SYSTEMS PRINCIPLES', 1, 6, 52, 'CS085', '8TH', 972, 'WILLEY INDIA', '2019-02-07 17:58:43', '2019-02-07 18:02:26'),
('OPERATING SYSTEMS PRINCIPLES', 1, 6, 52, 'CS086', '7TH', 896, 'WILLEY INDIA', '2019-02-07 17:58:43', '2019-02-07 18:02:26'),
('OPERATING SYSTEMS PRINCIPLES', 1, 6, 52, 'CS087', 'D', 896, 'WILLEY INDIA', '2019-02-07 17:58:43', '2019-02-07 18:02:26'),
('OPERATING SYSTEMS ', 1, 6, 53, 'CS088', '2009', 576, 'WILLEY INDIA', '2019-02-07 17:58:43', '2019-02-07 18:02:26'),
('OPERATING SYSTEMS ', 1, 6, 54, 'CS089', '2012', 0, 'PEARSON', '2019-02-07 17:58:43', '2019-02-07 18:02:26'),
('OPERATING SYSTEMS ', 1, 6, 55, 'CS090', '1ST', 788, 'TECHNICAL PUBLICATIONS', '2019-02-07 17:58:43', '2019-02-07 18:02:26'),
('OPERATING SYSTEMS ', 1, 6, 6, 'CS091', '3RD', 1054, 'PHI', '2019-02-07 17:58:43', '2019-02-07 18:02:26'),
('OPERATING SYSTEMS ', 1, 6, 56, 'CS092', '3RD', 800, 'PHI', '2019-02-07 17:58:43', '2019-02-07 18:02:26'),
('EMBEDDED SYSTEMS', 1, 6, 57, 'CS093', '2013', 810, 'WILLEY ', '2019-02-07 17:58:43', '2019-02-07 18:02:26'),
('EMBEDDED SYSTEMS', 1, 6, 58, 'CS094', '2012', 0, 'WILLEY ', '2019-02-07 17:58:43', '2019-02-07 18:02:26'),
('EMBEDDED SYSTEMS', 1, 6, 59, 'CS095', '2013', 716, 'MCGREWHILL', '2019-02-07 17:58:43', '2019-02-07 18:02:26'),
('EMBEDDED SYSTEMS', 1, 6, 60, 'CS096', '2ND', 681, 'TATA MCGREW', '2019-02-07 17:58:43', '2019-02-07 18:02:26'),
('MOBILE COMPUTING ', 1, 6, 60, 'CS099', '2ND/2012', 627, 'OXFORD', '2019-02-07 17:58:43', '2019-02-07 18:02:26'),
('MOBILE COMPUTING ', 1, 6, 60, 'CS100', '2ND', 627, 'OXFORD', '2019-02-07 17:58:43', '2019-02-07 18:02:26'),
('CLOUD COMPUTING', 1, 4, 61, 'CS101', '2012', 334, 'MCGREWHILL', '2019-02-07 17:58:43', '2019-02-07 18:02:26'),
('CLOUD COMPUTING', 1, 4, 62, 'CS102', '2ND', 219, 'WILLEY INDIA', '2019-02-07 17:58:43', '2019-02-07 18:02:26'),
('EMBEDDED SYSTEMS', 1, 6, 63, 'CS103', '2013', 716, 'MCGREWHILL', '2019-02-07 17:58:43', '2019-02-07 18:02:26'),
('SOFTWARE TESTING AND ANALYSIS', 1, 3, 64, 'CS104', '2011', 488, 'WILEY', '2019-02-07 17:58:43', '2019-02-07 18:02:26'),
('SOFTWARE TESTING AND ANALYSIS', 1, 3, 64, 'CS105', '2012', 488, 'WILEY', '2019-02-07 17:58:43', '2019-02-07 18:02:26'),
('SOFTWARE TESTING ', 1, 3, 65, 'CS107', '3RD', 416, 'AUERBACH', '2019-02-07 17:58:43', '2019-02-07 18:02:26'),
('SOFTWARE TESTING AND QUALITY ASSURANCE', 1, 3, 66, 'CS108', '2015', 616, 'WILLEY', '2019-02-07 17:58:43', '2019-02-07 18:02:26'),
('SYSTEM PROGRAMMING', 1, 6, 67, 'CS109', '2011', 538, 'MCGREW HILL', '2019-02-07 17:58:43', '2019-02-07 18:02:26'),
('SYSTEM PROGRAMMING', 1, 6, 67, 'CS110', '2013', 538, 'PEARSON', '2019-02-07 17:58:43', '2019-02-07 18:02:26'),
('ADVANCED PROGRAMMING IN THE UNIX', 1, 7, 68, 'CS111', '2ND', 921, 'PEARSON', '2019-02-07 17:58:43', '2019-02-07 18:02:26'),
('UNIX SYSTEM PROGRAMMING USING C++', 1, 7, 69, 'CS116', '1997', 598, 'PHI', '2019-02-07 17:58:43', '2019-02-07 18:02:26'),
('ADVANCED UNIX PROGRAMMING', 1, 7, 70, 'CS120', '2ND', 731, 'PEARSON', '2019-02-07 17:58:43', '2019-02-07 18:02:26'),
('UNIX AND SHEL PROGRAMMING ', 1, 7, 71, 'CS121', '2009', 875, 'CENAGE LEARNING', '2019-02-07 17:58:43', '2019-02-07 18:02:26'),
('UNIX CONCEPTS AND APPLICATIONS', 1, 7, 72, 'CS123', '4TH', 667, 'MCGREWHILL', '2019-02-07 17:58:43', '2019-02-07 18:02:26'),
('UNIX CONCEPTS AND APPLICATIONS', 1, 7, 72, 'CS124', '4TH', 667, 'PEARSON', '2019-02-07 17:58:43', '2019-02-07 18:02:26'),
('ADVANCED PROGRAMMING  IN THE UNIX ENVIRONMENT', 1, 7, 73, 'CS128', '2005', 744, 'PEARSON', '2019-02-07 17:58:43', '2019-02-07 18:02:26'),
('UNIX CONCEPTS AND APPLICATIONS', 1, 7, 72, 'CS130', '4TH', 671, 'MCGRAW', '2019-02-07 17:58:43', '2019-02-07 18:02:26'),
('UNIX CONCEPTS AND APPLICATIONS', 1, 7, 72, 'CS131', '2ND', 565, 'TATA MCGREW', '2019-02-07 17:58:43', '2019-02-07 18:02:26'),
('COURSE WARE FOR ADVANCED  C & UNIX', 1, 7, 74, 'CS132', '', 375, '', '2019-02-07 17:58:43', '2019-02-07 18:02:26'),
('UNIX OPERATING SYSTEM', 1, 4, 75, 'CS133', '1986', 471, 'PHI', '2019-02-07 17:58:43', '2019-02-07 18:02:26'),
('UNIX SYSTEM PROGRAMMING USING C/C++', 1, 4, 76, 'CS134', '2014', 215, 'PRIMS', '2019-02-07 17:58:43', '2019-02-07 18:02:26'),
('UNIX AND SHEL PROGRAMMING ', 1, 4, 77, 'CS136', '1ST', 0, 'TECHNICAL', '2019-02-07 17:58:43', '2019-02-07 18:02:26'),
('UNIX AND SHEL PROGRAMMING ', 1, 4, 77, 'CS137', '1ST', 1065, 'TECHNICAL', '2019-02-07 17:58:43', '2019-02-07 18:02:26'),
('UNIX AND SHEL PROGRAMMING ', 1, 4, 78, 'CS138', '3RD', 437, 'PEARSON', '2019-02-07 17:58:43', '2019-02-07 18:02:26'),
('UNIX AND SHEL PROGRAMMING ', 1, 4, 79, 'CS139', '1ST', 486, 'BPB', '2019-02-07 17:58:43', '2019-02-07 18:02:26'),
('DBMS', 1, 4, 80, 'CS140', '3RD', 1065, 'MCGRAW HILL', '2019-02-07 17:58:43', '2019-02-07 18:02:26'),
('DBMS', 1, 4, 80, 'CS141', '3RD', 1143, 'MCGRAW HILL', '2019-02-07 17:58:43', '2019-02-07 18:02:26'),
('FUNDAMENTALS OF DATA BASE SYSTEMS', 1, 4, 81, 'CS143', '5TH ', 1143, 'PEARSON', '2019-02-07 17:58:43', '2019-02-07 18:02:26'),
('FUNDAMENTALS OF DATA BASE SYSTEMS', 1, 4, 81, 'CS144', '5TH ', 955, 'PEARSON', '2019-02-07 17:58:43', '2019-02-07 18:02:26'),
('FUNDAMENTALS OF DATA BASE SYSTEMS', 1, 4, 82, 'CS145', '3RD', 1143, 'PEARSON', '2019-02-07 17:58:43', '2019-02-07 18:02:26'),
('FUNDAMENTALS OF DATA BASE SYSTEMS', 1, 4, 81, 'CS148', '5TH ', 1143, 'LEON TECH WORD', '2019-02-07 17:58:43', '2019-02-07 18:02:26'),
('DBMS', 1, 4, 83, 'CS149', '', 988, 'MCGRAW', '2019-02-07 17:58:43', '2019-02-07 18:02:26'),
('DATA BASE SYSTEM CONCEPTS', 1, 4, 52, 'CS150', '6TH ', 1349, 'MCGRAW', '2019-02-07 17:58:43', '2019-02-07 18:02:26'),
('DATA BASE SYSTEM CONCEPTS', 1, 4, 52, 'CS151', '6TH ', 1349, 'PEARSON', '2019-02-07 17:58:43', '2019-02-07 18:02:26'),
('DATA BASE SYSTEM ', 1, 4, 84, 'CS152', '4TH', 1374, 'MCGRAW', '2019-02-07 17:58:43', '2019-02-07 18:02:26'),
('DBMS', 1, 4, 85, 'CS153', '2013', 780, 'MCGRAW', '2019-02-07 17:58:43', '2019-02-07 18:02:26'),
('DATA BASE SYSTEM ', 1, 4, 86, 'CS154', '8TH', 931, 'PEARSON', '2019-02-07 17:58:43', '2019-02-07 18:02:26'),
('SQL/PL/SQL ORACLE 11G', 1, 4, 87, 'CS155', '1ST', 849, 'AR.EMM INTERNATIONAL', '2019-02-07 17:58:43', '2019-02-07 18:02:26'),
('DATA BASE MANAGEMENT SYSTEM', 1, 4, 88, 'CS156', '2ND', 329, '', '2019-02-07 17:58:43', '2019-02-07 18:02:26'),
('SOFTWARE ENGG', 1, 3, 89, 'CS157', '9TH', 773, 'PEARSON', '2019-02-07 17:58:43', '2019-02-07 18:02:26'),
('SOFTWARE ENGG', 1, 3, 89, 'CS160', '8TH', 773, 'PEARSON', '2019-02-07 17:58:43', '2019-02-07 18:02:26'),
('SOFTWARE ENGG', 1, 3, 89, 'CS161', '8TH', 840, 'PEARSON', '2019-02-07 17:58:43', '2019-02-07 18:02:26'),
('SOFTWARE ENGG', 1, 3, 89, 'CS162', '8TH', 864, 'PEARSON', '2019-02-07 17:58:43', '2019-02-07 18:02:26'),
('SOFTWARE ENGG', 1, 3, 90, 'CS163', '6TH ', 880, 'PEARSON', '2019-02-07 17:58:43', '2019-02-07 18:02:26'),
('SOFTWARE ENGG PRINCIPLES AND PRACTICE', 1, 3, 91, 'CS164', '2009', 844, 'TATA MCGREW', '2019-02-07 17:58:43', '2019-02-07 18:02:26'),
('SOFTWARE ENGG', 1, 3, 90, 'CS165', '7TH', 895, 'MCGRAW', '2019-02-07 17:58:43', '2019-02-07 18:02:26'),
('SOFTWARE ENGG', 1, 3, 92, 'CS166', '4TH', 782, 'PEARSON', '2019-02-07 17:58:43', '2019-02-07 18:02:26'),
('SOFTWARE ENGG', 1, 3, 93, 'CS167', '3RD', 507, 'NEW AGE INTERNATIONAL', '2019-02-07 17:58:43', '2019-02-07 18:02:26'),
('SOFTWARE ENGG', 1, 3, 94, 'CS168', '2011', 301, 'WILLEY INDIA', '2019-02-07 17:58:43', '2019-02-07 18:02:26'),
('SOFTWARE ENGG', 1, 3, 95, 'CS169', '', 0, 'TECHNICAL', '2019-02-07 17:58:43', '2019-02-07 18:02:26'),
('SOFTWARE ENGG', 1, 3, 96, 'CS170', '2ND', 265, 'INTERLINE', '2019-02-07 17:58:43', '2019-02-07 18:02:26'),
('SOFTWARE ENGG', 1, 3, 95, 'CS172', '1ST', 128, 'TECHNICAL', '2019-02-07 17:58:43', '2019-02-07 18:02:26'),
('SOFTWARE ENGG', 1, 3, 97, 'CS173', '1ST', 364, 'MCGRAW', '2019-02-07 17:58:43', '2019-02-07 18:02:26'),
('AN INTEGRATED APPROACH TO SOFTWARE ENGINEERING', 1, 3, 94, 'CS174', '1ST', 375, 'NARORA', '2019-02-07 17:58:43', '2019-02-07 18:02:26'),
('COMPUTER GRAPHICS USING OPEN GL', 1, 6, 98, 'CS175', '3RD', 778, 'ASHOK K GOSH', '2019-02-07 17:58:43', '2019-02-07 18:02:26'),
('COMPUTER GRAPHICS ', 1, 6, 99, 'CS178', '3RD', 857, 'PEARSON', '2019-02-07 17:58:43', '2019-02-07 18:02:26'),
('COMPUTER GRAPHICS', 1, 6, 99, 'CS180', '3RD', 857, 'PEARSON', '2019-02-07 17:58:43', '2019-02-07 18:02:26'),
('COMPUTER GRAPHICS ', 1, 6, 100, 'CS181', '2ND', 471, 'MCGRAW', '2019-02-07 17:58:43', '2019-02-07 18:02:26'),
('COMPUTER GRAPHICS ', 1, 6, 101, 'CS183', '2ND', 1158, 'MCGRAW', '2019-02-07 17:58:43', '2019-02-07 18:02:26'),
('COMPUTER GRAPHICS ', 1, 6, 101, 'CS184', '2ND', 1174, 'PEARSON', '2019-02-07 17:58:43', '2019-02-07 18:02:26'),
('INTERACTIVE COMPUTER GRAPHICS', 1, 6, 102, 'CS185', '5TH ', 828, 'PEARSON', '2019-02-07 17:58:43', '2019-02-07 18:02:26'),
('INTERACTIVE COMPUTER GRAPHICS', 1, 6, 102, 'CS186', '5TH ', 563, 'PEARSON', '2019-02-07 17:58:43', '2019-02-07 18:02:26'),
('COMPUTER GRAPHICS AND MULTIMEDIA', 1, 6, 103, 'CS187', '1ST', 241, 'UNIVERSITY SCIENCE PRESS', '2019-02-07 17:58:43', '2019-02-07 18:02:26'),
('COMPUTER GRAPHICS', 1, 6, 104, 'CS188', '1ST', 298, 'TECHNICAL PUBLICATIONS', '2019-02-07 17:58:43', '2019-02-07 18:02:26'),
('COMPUTER GRAPHICS', 1, 6, 105, 'CS189', '2ND', 465, 'MCGRAW', '2019-02-07 17:58:43', '2019-02-07 18:02:26'),
('COMPUTER ORGANIZATION AND DESIGN', 1, 4, 106, 'CS190', '4TH', 685, 'MCGRAW', '2019-02-07 17:58:43', '2019-02-07 18:02:26'),
('COMPUTER ORGANIZATION AND DESIGN', 1, 4, 107, 'CS194', '5TH ', 805, 'MCGRAW', '2019-02-07 17:58:43', '2019-02-07 18:02:26'),
('COMPUTER ORGANIZATION ', 1, 4, 107, 'CS195', '5TH ', 805, 'MCGRAW', '2019-02-07 17:58:43', '2019-02-07 18:02:26'),
('COMPUTER ORGANIZATION  & ARCHITUCTURE', 1, 4, 14, 'CS201', '8TH', 805, 'MCGRAW', '2019-02-07 17:58:43', '2019-02-07 18:02:26'),
('COMPUTER  ARCHITUCTURE & ORGANIZATION', 1, 4, 108, 'CS202', '2012', 792, 'PEARSON', '2019-02-07 17:58:43', '2019-02-07 18:02:26'),
('COMPUTER  ARCHITUCTURE & ORGANIZATION', 1, 4, 108, 'CS203', '3RD', 604, 'MCGRAW', '2019-02-07 17:58:43', '2019-02-07 18:02:26'),
('COMPUTER ORGANIZATION ', 1, 4, 109, 'CS204', '1ST', 602, 'MCGRAW', '2019-02-07 17:58:43', '2019-02-07 18:02:26'),
('COMPUTER ORGANIZATION ', 1, 4, 109, 'CS205', '1ST', 529, 'PRISM', '2019-02-07 17:58:43', '2019-02-07 18:02:26'),
('COMPUTER ORGANIZATION ', 1, 4, 110, 'CS206', '1ST', 529, 'PRISM', '2019-02-07 17:58:43', '2019-02-07 18:02:26'),
('THE INTEL MICROPROCESSOR', 1, 3, 111, 'CS207', '6TH ', 359, 'TECHNICAL', '2019-02-07 17:58:43', '2019-02-07 18:02:26'),
('MICROPROCESSOR', 1, 3, 112, 'CS208', '2ND', 1012, 'MCGRAW', '2019-02-07 17:58:43', '2019-02-07 18:02:26'),
('MICROPROCESSOR  ARCHITECTURE PROGRAMMING AND APPLICATION WITH 8085', 1, 3, 113, 'CS209', '5TH ', 820, 'ULLAS PATAC', '2019-02-07 17:58:43', '2019-02-07 18:02:26'),
('ADVANCED MICROPROCESSOR AND PERIPHERALS', 1, 7, 114, 'CS212', '1ST', 666, 'MCGRAW', '2019-02-07 17:58:43', '2019-02-07 18:02:26'),
('ADVANCED MICROPROCESSOR AND PERIPHERALS', 1, 7, 114, 'CS214', '2ND', 715, 'MCGRAW', '2019-02-07 17:58:43', '2019-02-07 18:02:26'),
('THE INTEL MICROPROCESSOR', 1, 3, 115, 'CS217', '8TH', 926, 'PEARSON', '2019-02-07 17:58:43', '2019-02-07 18:02:26'),
('MICROPROCESSOR  ARCHITECTURE PROGRAMMING AND APPLICATION ', 1, 3, 113, 'CS218', '2ND', 720, 'NEW AGE INTERNATIONAL', '2019-02-07 17:58:43', '2019-02-07 18:02:26'),
('MICROPROCESSOR PC HARDWARE AND INTERFACES', 1, 3, 116, 'CS219', '1ST', 709, 'ASHOK K GOSH', '2019-02-07 17:58:43', '2019-02-07 18:02:26'),
('THE 8085 INTRODUCTION TO MICROPROCESSOR', 1, 3, 117, 'CS220', '2ND', 367, 'PEARSON', '2019-02-07 17:58:43', '2019-02-07 18:02:26'),
('0000 TO 8085 INTRODUCTION TO MICROPROCESSOR', 1, 3, 118, 'CS221', '2ND', 0, 'ASHOK K GOSH', '2019-02-07 17:58:43', '2019-02-07 18:02:26'),
('MICROPROCESSOR AND INTERFACING', 1, 3, 119, 'CS222', '3RD', 0, 'MCGRAW', '2019-02-07 17:58:43', '2019-02-07 18:02:26'),
('8085 MICROPROCESSOR AND ITS APPLICATION ', 1, 3, 120, 'CS223', '3RD', 0, 'MCGRAW', '2019-02-07 17:58:43', '2019-02-07 18:02:26'),
('ADVANCED MICROPROCESSOR AND ASSEMBLY LANGUAGE PROGRAMMING', 1, 7, 121, 'CS224', '1ST', 462, 'MCGRAW', '2019-02-07 17:58:43', '2019-02-07 18:02:26'),
('MICROPROCESSOR AND ITS APPLICATION', 1, 3, 122, 'CS226', '1ST', 394, 'NEW AGE INTERNATIONAL', '2019-02-07 17:58:43', '2019-02-07 18:02:26'),
('MICROPROCESSOR LAB MANUAL', 1, 3, 123, 'CS227', '1ST', 173, 'TECH EDUCATION', '2019-02-07 17:58:43', '2019-02-07 18:02:26'),
('ADVANCED MICROPROCESSOR', 1, 7, 124, 'CS228', '2ND', 503, 'MCGRAW', '2019-02-07 17:58:43', '2019-02-07 18:02:26'),
('SYSTEM SOFTWARE', 1, 5, 125, 'CS229', '3RD', 495, 'PEARSON', '2019-02-07 17:58:43', '2019-02-07 18:02:26'),
('SYSTEM SOFTWARE', 1, 5, 125, 'CS233', '3RD', 529, 'PEARSON', '2019-02-07 17:58:43', '2019-02-07 18:02:26'),
('SYSTEM SOFTWARE', 1, 5, 126, 'CS234', '1ST', 0, 'TECHNICAL PUBLICATIONS', '2019-02-07 17:58:43', '2019-02-07 18:02:26'),
('SYSTEM SOFTWARE', 1, 5, 126, 'CS235', '1ST', 0, 'TECHNICAL', '2019-02-07 17:58:43', '2019-02-07 18:02:26'),
('LEX AND YACC', 1, 5, 127, 'CS236', '1ST', 0, 'SHORFF', '2019-02-07 17:58:43', '2019-02-07 18:02:26'),
('SOFTWARE ENGINEERING', 1, 3, 126, 'CS239', '1ST', 0, 'TECHNICAL PUBLICATIONS', '2019-02-07 17:58:43', '2019-02-07 18:02:26'),
('SOFTWARE ENGINEERING', 1, 3, 126, 'CS240', '1ST', 0, 'PEARSON', '2019-02-07 17:58:43', '2019-02-07 18:02:26'),
('SYSTEM SOFTWARE', 1, 3, 125, 'CS241', '3RD', 495, 'UNIVERSITY SCIENCE PRESS', '2019-02-07 17:58:43', '2019-02-07 18:02:26'),
('FUNDAMENTAL OF DATA STRUCTURE', 1, 3, 128, 'CS242', '2ND', 615, 'UNIVERSITY SCIENCE PRESS', '2019-02-07 17:58:43', '2019-02-07 18:02:26'),
('DATA STRUCTURE', 1, 3, 129, 'CS246', '2ND', 720, '', '2019-02-07 17:58:43', '2019-02-07 18:02:26'),
('DATA STRUCTURE USING C AND C++', 1, 3, 130, 'CS247', '2ND', 661, 'PEARSON', '2019-02-07 17:58:43', '2019-02-07 18:02:26'),
('DATA STRUCTURE WITH C', 1, 3, 131, 'CS248', '1ST', 509, '', '2019-02-07 17:58:43', '2019-02-07 18:02:26'),
('FUNDAMENTAL OF DATA STRUCTURE IN C++', 1, 3, 132, 'CS249', '1ST', 653, 'SUNNEL GALGOTIA', '2019-02-07 17:58:43', '2019-02-07 18:02:26'),
('PROGRAMMING AND DATA STRUCTURE', 1, 3, 133, 'CS250', '1ST', 788, 'MR.USHA RAJKUMAR', '2019-02-07 17:58:43', '2019-02-07 18:02:26'),
('SYSTEMATIC APPROCH TO DATA STRUCTURE USING C ', 1, 3, 134, 'CS251', '1ST', 0, '', '2019-02-07 17:58:43', '2019-02-07 18:02:26'),
('DATA STRUCTURE USING C AND C++', 1, 3, 130, 'CS252', '1ST', 671, 'ASHOK K GOSH', '2019-02-07 17:58:43', '2019-02-07 18:02:26'),
('DATA STRUCTURE AND ALGORITHMS IN C++', 1, 3, 135, 'CS253', '1ST', 683, 'WILLEY INDIA', '2019-02-07 17:58:43', '2019-02-07 18:02:26'),
('DATA STRUCTURE USING C AND C++', 1, 3, 136, 'CS254', '1ST', 659, 'ESTERN ECHONOMY', '2019-02-07 17:58:43', '2019-02-07 18:02:26'),
('COMPUTER SCIENCE A STRUCTURED PROGRAMMING APPROCH USING C', 1, 3, 137, 'CS255', '1ST', 1151, '', '2019-02-07 17:58:43', '2019-02-07 18:02:26'),
('INTRODUCTION TO DATA STRUCTURE USING C', 1, 3, 138, 'CS256', '1ST', 650, 'UNIVERSITY SCIENCE PRESS', '2019-02-07 17:58:43', '2019-02-07 18:02:26'),
('C AND DATA STRUCTURE ', 1, 3, 139, 'CS257', '1ST', 441, 'KRISHNAN MAKHIJANI', '2019-02-07 17:58:43', '2019-02-07 18:02:26'),
('PROGRAMMING WITH C &  DATA STRUCTURE', 1, 3, 140, 'CS258', '1ST', 527, 'UNIVERSITY SCIENCE PRESS', '2019-02-07 17:58:43', '2019-02-07 18:02:26'),
('DATA STRUCTURES USING  C & C++', 1, 3, 130, 'CS259', '2ND', 560, 'PEARSON', '2019-02-07 17:58:43', '2019-02-07 18:02:26'),
('DATA STRUCTURE WITH C', 1, 3, 141, 'CS260', '1ST', 340, 'TECHNICAL PUBLICATIONS', '2019-02-07 17:58:43', '2019-02-07 18:02:26'),
('PROGRAMMING IN C & DATA STRUCTURE', 1, 3, 142, 'CS261', '', 266, '', '2019-02-07 17:58:43', '2019-02-07 18:02:26'),
('DATA STRUCTURE WITH C', 1, 3, 143, 'CS262', '1ST', 0, 'PROFESSIONAL PUBLCATION', '2019-02-07 17:58:43', '2019-02-07 18:02:26'),
('INTRODUCTION TO THE DESIGN & ANALYSIS OF ALGORITHMS', 1, 4, 144, 'CS263', '1ST', 427, 'PEARSON', '2019-02-07 17:58:43', '2019-02-07 18:02:26'),
('INTRODUCTION TO THE DESIGN & ANALYSIS OF ALGORITHMS', 1, 4, 144, 'CS264', '1ST', 2427, 'PEARSON', '2019-02-07 17:58:43', '2019-02-07 18:02:26'),
('INTRODUCTION TO THE DESIGN & ANALYSIS OF ALGORITHMS', 1, 4, 144, 'CS265', '1ST', 497, 'PEARSON', '2019-02-07 17:58:43', '2019-02-07 18:02:26'),
('INTRODUCTION TO THE DESIGN & ANALYSIS OF ALGORITHMS', 1, 4, 144, 'CS266', '2ND', 497, 'PEARSON', '2019-02-07 17:58:43', '2019-02-07 18:02:26'),
('INTRODUCTION TO THE DESIGN & ANALYSIS OF ALGORITHMS', 1, 4, 144, 'CS268', '2ND', 524, 'PEARSON', '2019-02-07 17:58:43', '2019-02-07 18:02:26'),
('INTRODUCTION TO THE DESIGN & ANALYSIS OF ALGORITHMS', 1, 4, 144, 'CS269', 'D', 497, 'PEARSON', '2019-02-07 17:58:43', '2019-02-07 18:02:26'),
('FUNDAMENTAL OF COMPUTER ALGORITHMS', 1, 4, 145, 'CS270', '2ND', 497, 'PEARSON', '2019-02-07 17:58:43', '2019-02-07 18:02:26'),
('FUNDAMENTAL OF COMPUTER ALGORITHMS', 1, 4, 145, 'CS271', '2ND', 524, 'PEARSON', '2019-02-07 17:58:43', '2019-02-07 18:02:26'),
('FUNDAMENTAL OF COMPUTER ALGORITHMS', 1, 4, 146, 'CS272', '2008', 524, 'PEARSON', '2019-02-07 17:58:43', '2019-02-07 18:02:26'),
('ANALYSIS  AND DESIGN OF ALGORITHMS', 1, 4, 146, 'CS273', '2008', 524, 'PEARSON', '2019-02-07 17:58:43', '2019-02-07 18:02:26'),
('DATA STRUCTURES & ALGORITHMS', 1, 4, 147, 'CS274', '2005', 773, 'UNIVERSITY SCIENCE PRESS', '2019-02-07 17:58:43', '2019-02-07 18:02:26'),
('DESIGN AND ANALYSIS OF ALGORITHMS', 1, 4, 141, 'CS275', '1ST', 773, 'UNIVERSITY SCIENCE PRESS', '2019-02-07 17:58:43', '2019-02-07 18:02:26'),
('ALGORITHMS', 1, 4, 148, 'CS276', '1ST', 221, 'INTERLINE', '2019-02-07 17:58:43', '2019-02-07 18:02:26'),
('DATA STRUCTURE AND ALGORITHMS ', 1, 4, 149, 'CS277', '1ST/2009', 221, 'INTERLINE', '2019-02-07 17:58:43', '2019-02-07 18:02:26'),
('ANALYSIS  AND DESIGN OF ALGORITHMS', 1, 4, 150, 'CS278', '1ST', 443, 'PEARSON', '2019-02-07 17:58:43', '2019-02-07 18:02:26'),
('ANALYSIS  AND DESIGN OF ALGORITHMS', 1, 4, 150, 'CS279', '4TH', 0, 'TECHNICAL', '2019-02-07 17:58:43', '2019-02-07 18:02:26'),
('DATA STRUCTURES & APPLICATION ', 1, 3, 141, 'CS280', '1ST', 320, 'TATA MCGREW', '2019-02-07 17:58:43', '2019-02-07 18:02:26'),
('MASTERING C++', 1, 5, 151, 'CS281', '2013', 414, 'S CHAND', '2019-02-07 17:58:43', '2019-02-07 18:02:26'),
('LET US C++', 1, 5, 79, 'CS282', '2ND', 362, 'SPANA BOOK', '2019-02-07 17:58:43', '2019-02-07 18:02:26'),
('OBJECT ORIENTED PROGRAMMING WITH C++', 1, 5, 152, 'CS283', '1ST', 481, 'SPANA BOOK', '2019-02-07 17:58:43', '2019-02-07 18:02:26'),
('OBJECT ORIENTED PROGRAMMING WITH C++', 1, 5, 152, 'CS284', '1ST', 0, 'TECHNICAL', '2019-02-07 17:58:43', '2019-02-07 18:02:26'),
('C++ PROGRAMMING TODAY', 1, 5, 153, 'CS285', '1ST', 883, 'MCGRAW', '2019-02-07 17:58:43', '2019-02-07 18:02:26'),
('OBJECT ORIENTED PROGRAMMING WITH C++', 1, 5, 154, 'CS286', '1ST', 633, 'P P PUBLICATION', '2019-02-07 17:58:43', '2019-02-07 18:02:26'),
('OBJECT ORIENTED PROGRAMMING WITH C++', 1, 5, 155, 'CS287', '5TH ', 473, 'OXFORD UNIVERSITY PRESS', '2019-02-07 17:58:43', '2019-02-07 18:02:26'),
('OBJECT ORIENTED PROGRAMMING WITH C++', 1, 5, 156, 'CS288', '1ST', 463, 'OXFORD UNIVERSITY PRESS', '2019-02-07 17:58:43', '2019-02-07 18:02:26'),
('ILLUSTRATED PROGRAMMING WITH C++', 1, 5, 157, 'CS289', '2009', 729, 'PEARSON', '2019-02-07 17:58:43', '2019-02-07 18:02:26'),
('PROGRAMMING WITH C++', 1, 5, 158, 'CS290', '2001', 336, 'RAJESWARI', '2019-02-07 17:58:43', '2019-02-07 18:02:26'),
('MASTERING C++', 1, 5, 151, 'CS291', '2ND/2013', 556, 'TATA MCGREW', '2019-02-07 17:58:43', '2019-02-07 18:02:26'),
('MASTERING C++', 1, 5, 151, 'CS292', '2ND', 336, 'RAJESWARI', '2019-02-07 17:58:43', '2019-02-07 18:02:26'),
('MASTERING C++', 1, 5, 151, 'CS293', '2ND', 286, 'PENRAM INTERNATIONAL', '2019-02-07 17:58:43', '2019-02-07 18:02:26'),
('THINKING IN C++', 1, 5, 159, 'CS294', '6TH ', 607, 'MCGRAW', '2019-02-07 17:58:43', '2019-02-07 18:02:26'),
('C++ PROGRAMMING  MANUAL', 1, 5, 160, 'CS295', '1ST', 883, 'MCGRAW', '2019-02-07 17:58:43', '2019-02-07 18:02:26'),
('C++ SOLUTION', 1, 5, 161, 'CS296', '1999', 883, 'MCGRAW', '2019-02-07 17:58:43', '2019-02-07 18:02:26'),
('OBJECT ORIENTED PROGRAMMING WITH C++', 1, 5, 162, 'CS297', '2ND', 883, 'MCGRAW', '2019-02-07 17:58:43', '2019-02-07 18:02:26'),
('THE COMPLETE REFERENCE C++', 1, 5, 163, 'CS298', '4TH', 350, 'SANJEEV KUMAR', '2019-02-07 17:58:43', '2019-02-07 18:02:26'),
('THE COMPLETE REFERENCE C++', 1, 5, 163, 'CS299', '4TH', 106, '', '2019-02-07 17:58:43', '2019-02-07 18:02:26'),
('THE COMPLETE REFERENCE C++', 1, 5, 163, 'CS300', '4TH', 292, 'ADDISON WESLEY', '2019-02-07 17:58:43', '2019-02-07 18:02:26'),
('THE COMPLETE REFERENCE C++', 1, 5, 163, 'CS301', '4TH', 436, 'INTERLINE', '2019-02-07 17:58:43', '2019-02-07 18:02:26'),
('PRINCIPLES OF COMPILER DESIGN', 1, 6, 147, 'CS302', '1998', 1023, 'MCGRAW', '2019-02-07 17:58:43', '2019-02-07 18:02:26'),
('PRINCIPLES OF COMPILER DESIGN', 1, 6, 164, 'CS303', '2ND', 1023, 'MCGRAW', '2019-02-07 17:58:43', '2019-02-07 18:02:26'),
('COMPILER DESIGN', 1, 6, 165, 'CS304', '2010', 1023, 'MCGRAW', '2019-02-07 17:58:43', '2019-02-07 18:02:26'),
('COMPILER ', 1, 6, 147, 'CS305', '2ND', 1023, 'MCGRAW', '2019-02-07 17:58:43', '2019-02-07 18:02:26'),
('COMPILER ', 1, 6, 147, 'CS306', '2ND', 612, 'NAROSA', '2019-02-07 17:58:43', '2019-02-07 18:02:26'),
('COMPILER ', 1, 6, 147, 'CS307', '2ND', 581, 'MCGRAW', '2019-02-07 17:58:43', '2019-02-07 18:02:26'),
('COMPILER ', 1, 6, 147, 'CS308', '2ND', 0, 'SCIETH', '2019-02-07 17:58:43', '2019-02-07 18:02:26'),
('COMPILER ', 1, 6, 147, 'CS309', '2ND', 1009, 'PEARSON', '2019-02-07 17:58:43', '2019-02-07 18:02:26'),
('CRAFTING A COMPILER WITH C ', 1, 6, 1, 'CS311', '2009', 603, 'PEARSON', '2019-02-07 17:58:43', '0000-00-00 00:00:00'),
('COMPILER DESIGN', 1, 6, 167, 'CS312', '1ST', 603, 'PEARSON', '2019-02-07 17:58:43', '2019-02-07 18:02:26'),
('COMPILER DESIGN', 1, 6, 141, 'CS313', '1ST', 796, 'PEARSON', '2019-02-07 17:58:43', '2019-02-07 18:02:26'),
('COMPILER DESIGN', 1, 6, 138, 'CS314', '1ST', 0, '', '2019-02-07 17:58:43', '2019-02-07 18:02:26'),
('COMPILER DESIGN', 1, 6, 168, 'CS315', '1ST', 812, 'PEARSON', '2019-02-07 17:58:43', '2019-02-07 18:02:26'),
('COMPILER DESIGN', 1, 6, 169, 'CS316', '1ST', 0, 'TECHNICAL', '2019-02-07 17:58:43', '2019-02-07 18:02:26'),
('COMPILER  CONSRTUCTIONS ', 1, 6, 169, 'CS317', '1ST', 332, '', '2019-02-07 17:58:43', '2019-02-07 18:02:26'),
('PRINCIPLES OF COMPILER DESIGN', 1, 6, 170, 'CS318', '2ND', 417, 'NIRAJ', '2019-02-07 17:58:43', '2019-02-07 18:02:26'),
('COMPILER CONSTRUCTION PRINCIPLES & PRACTICE', 1, 6, 171, 'CS319', '1997', 508, 'S K KATARIA & SONS', '2019-02-07 17:58:43', '2019-02-07 18:02:26'),
('PRINCIPLES OF COMPILER DESIGN', 1, 6, 172, 'CS320', '2011', 508, 'S K KATARIA & SONS', '2019-02-07 17:58:43', '2019-02-07 18:02:26'),
('OPERATION RESEARCH THEORY AND APPLICATIONS', 1, 6, 164, 'CS321', '5TH ', 553, 'PEARSON', '2019-02-07 17:58:43', '2019-02-07 18:02:26'),
('OPERATION RESEARCH ', 1, 6, 173, 'CS322', '2011', 389, 'ELSEVIER', '2019-02-07 17:58:43', '2019-02-07 18:02:26'),
('INTRODUCTION TO OPERATION RESEARCH', 1, 6, 174, 'CS323', '9TH', 582, '', '2019-02-07 17:58:43', '2019-02-07 18:02:26'),
('INTRODUCTION TO OPERATION RESEARCH', 1, 6, 175, 'CS324', '9TH', 581, 'TATA MCGREW', '2019-02-07 17:58:43', '2019-02-07 18:02:26'),
('OPERATION RESEARCH', 1, 6, 175, 'CS325', '9TH', 944, 'MACILLAN', '2019-02-07 17:58:43', '2019-02-07 18:02:26'),
('OPERATION RESEARCH', 1, 6, 176, 'CS326', '2014', 318, '', '2019-02-07 17:58:43', '2019-02-07 18:02:26'),
('OPERATION RESEARCH', 1, 6, 177, 'CS327', '2005', 1102, 'MCGRAW', '2019-02-07 17:58:43', '2019-02-07 18:02:26'),
('FUNDAMENTAL OF OPERATION RESEARCH', 1, 6, 178, 'CS328', '2006', 823, 'PEARSON', '2019-02-07 17:58:43', '2019-02-07 18:02:26'),
('DISCRETE EVENT SYSTEM SIMULATION', 1, NULL, 179, 'CS329', '5TH ', 0, 'KEDARNATH', '2019-02-07 17:58:43', '2019-02-08 08:11:35'),
('DISCRETE EVENT SYSTEM SIMULATION', 1, NULL, 180, 'CS330', '5TH ', 0, 'MCGRAW', '2019-02-07 17:58:43', '2019-02-08 08:11:35'),
('DISCRETE EVENT SYSTEM SIMULATION', 1, NULL, 180, 'CS331', '5TH ', 0, 'P V KRISHNAN', '2019-02-07 17:58:43', '2019-02-08 08:11:35'),
('SMULATION MODELING &ANALYSIS', 1, NULL, 180, 'CS332', '4TH', 640, 'DORLING', '2019-02-07 17:58:43', '2019-02-08 08:11:35'),
('SMULATION MODELING &ANALYSIS', 1, NULL, 181, 'CS334', '2012', 768, 'TATA MCGREW', '2019-02-07 17:58:43', '2019-02-08 08:11:35'),
('SIMULATION', 1, NULL, 182, 'CS335', '4TH', 768, 'TATA MCGREW', '2019-02-07 17:58:43', '2019-02-08 08:11:35'),
('INTRODUCTION TO SYSTEM MODELING AND SIMULATION ', 1, NULL, 183, 'CS336', '2012', 782, 'PEARSON', '2019-02-07 17:58:43', '2019-02-08 08:11:35'),
('SYSTEM MODELING & SIMULATION ', 1, NULL, 171, 'CS337', '2015', 298, 'ELSEVIER', '2019-02-07 17:58:43', '2019-02-08 08:11:35'),
('AUTOMATA COMPUTABILITY & COMPLEXITY', 1, 5, 184, 'CS338', '2015', 358, 'ELSEVIER', '2019-02-07 17:58:43', '2019-02-07 18:02:26'),
('INTRODUCTION TO LANGUAGE & THEORY OF COMPUTATIONS', 1, 5, 47, 'CS339', '3RD', 254, 'SUNSTAR', '2019-02-07 17:58:43', '2019-02-07 18:02:26'),
('INTRODUCTION TO LANGUAGE & THEORY OF COMPUTATIONS', 1, 5, 185, 'CS340', '3RD', 1099, 'PEARSON', '2019-02-07 17:58:43', '2019-02-07 18:02:26'),
('INTRODUCTION TO LANGUAGE & THEORY OF COMPUTATIONS', 1, 5, 185, 'CS341', '3RD', 543, 'MCGRAW', '2019-02-07 17:58:43', '2019-02-07 18:02:26'),
('LOGIC IN COMPUTER SCIENCE', 1, NULL, 185, 'CS342', '2ND', 543, 'MCGRAW', '2019-02-07 17:58:43', '2019-02-08 08:11:35'),
('AUTOMATA THEORY LANGUAGE & COMPUTATION', 1, 5, 186, 'CS343', '3RD', 427, 'CAMBRIDGE UNIVERSITY', '2019-02-07 17:58:43', '2019-02-07 18:02:26'),
('AUTOMATA THEORY LANGUAGE & COMPUTATION', 1, 5, 187, 'CS344', '3RD', 487, 'PEARSON', '2019-02-07 17:58:43', '2019-02-07 18:02:26'),
('INTRODUCTION TO COMPUTER THEORY', 1, NULL, 187, 'CS346', '2ND', 487, 'PEARSON', '2019-02-07 17:58:43', '2019-02-08 08:11:35'),
('THEORY OF COMPUTER SCIENCE', 1, NULL, 188, 'CS347', '3RD', 634, 'WILLEY INDIA', '2019-02-07 17:58:43', '2019-02-08 08:11:35'),
('THEORY OF COMPUTATION ', 1, 5, 189, 'CS348', '2009', 422, 'AS', '2019-02-07 17:58:43', '2019-02-07 18:02:26'),
('INTRODUCTION TO FORMAL  LANGUAGE AUTOMATA THEORY & COMPUTATION', 1, 5, 190, 'CS349', '1ST', 506, 'I K INTERNATIONAL', '2019-02-07 17:58:43', '2019-02-07 18:02:26'),
('THEORY OF COMPUTATION ', 1, 5, 191, 'CS350', '1ST', 425, 'PEARSON', '2019-02-07 17:58:43', '2019-02-07 18:02:26'),
('DISCRETE EVENT SYSTEM SIMULATION', 1, NULL, 192, 'CS351', '1ST', 232, 'SUBAS STAR', '2019-02-07 17:58:43', '2019-02-08 08:11:35'),
('FUNDAMENTAL OF THEORY OF COMPUTATION ', 1, 5, 193, 'CS352', '1ST', 160, 'SUBAS STAR', '2019-02-07 17:58:43', '2019-02-07 18:02:26'),
('DISCRETE  MATHEMATICS', 1, 3, 194, 'CS353', '2004', 336, 'MORGAN  K', '2019-02-07 17:58:43', '2019-02-07 18:02:26'),
('DISCRETE & COMBINATORIAL MATHEMATICS', 1, 3, 195, 'CS354', '5TH ', 479, 'CENGAGE LEARNING', '2019-02-07 17:58:43', '2019-02-07 18:02:26'),
('DISCRETE & COMBINATORIAL MATHEMATICS', 1, 3, 196, 'CS355', '5TH ', 1026, 'DORLING', '2019-02-07 17:58:43', '2019-02-07 18:02:26'),
('DISCRETE MATHEMATICS', 1, 3, 196, 'CS356', '7TH', 0, 'TATA MCGREW', '2019-02-07 17:58:43', '2019-02-07 18:02:26'),
('DISCRETE MATHEMATICS WITH APPLICATION', 1, 3, 197, 'CS357', '1ST', 0, '', '2019-02-07 17:58:43', '2019-02-07 18:02:26'),
('DISCRETE COMBINATRIAL MATHEMATICS', 1, 3, 198, 'CS358', '4TH', 1026, 'DORLING', '2019-02-07 17:58:43', '2019-02-07 18:02:26'),
('DISCRETE MATHEMATICAL STRUCTURE', 1, 3, 199, 'CS359', '1ST', 791, 'PEARSON', '2019-02-07 17:58:43', '2019-02-07 18:02:26'),
('DISCRETE MATHEMATICAL STRUCTURE', 1, 3, 200, 'CS360', '1ST', 392, 'SUDHA', '2019-02-07 17:58:43', '2019-02-07 18:02:26'),
('DISCRETE MATHEMATICAL STRUCTURE', 1, 3, 200, 'CS361', '1ST', 604, 'HIMALYA', '2019-02-07 17:58:43', '2019-02-07 18:02:26'),
('DISCRETE MATHEMATICS', 1, 3, 201, 'CS362', '3RD', 582, 'AMITHAB', '2019-02-07 17:58:43', '2019-02-07 18:02:26'),
('DISCRETE MATHEMATICAL STRUCTURE', 1, 3, 173, 'CS363', '3RD', 450, 'PRISM', '2019-02-07 17:58:43', '2019-02-07 18:02:26'),
('DISCRETE MATHEMATICAL STRUCTURE', 1, 3, 202, 'CS364', '2002', 446, 'NEW AGE ', '2019-02-07 17:58:43', '2019-02-07 18:02:26'),
('DISCRETE MATHEMATICAL STRUCTURE', 1, 3, 203, 'CS365', '', 0, 'PROFESSONAL PUBLICATION', '2019-02-07 17:58:43', '2019-02-07 18:02:26'),
('GRAPH THEORY AND COMBINATION', 1, NULL, 204, 'CS366', '4TH', 493, 'PRISM', '2019-02-07 17:58:43', '2019-02-08 08:11:35'),
('GRAPH THEORY AND COMBINATION', 1, NULL, 205, 'CS368', '4TH', 438, 'PRISM', '2019-02-07 17:58:43', '2019-02-08 08:11:35'),
('GRAPH THEORY AND COMBINATION', 1, NULL, 205, 'CS369', '1ST', 0, 'PROFESSIONAL', '2019-02-07 17:58:43', '2019-02-08 08:11:35'),
('DIGITAL PRINCIPLES & APPLICATION', 1, NULL, 143, 'CS370', '6TH ', 682, 'LAKSHMI', '2019-02-07 17:58:43', '2019-02-08 08:11:35'),
('DIGITAL PRINCIPLES & APPLICATION', 1, NULL, 206, 'CS371', '7TH', 682, 'MCGRAW', '2019-02-07 17:58:43', '2019-02-08 08:11:35'),
('LOGIC IN COMPUTER SCIENCE', 1, NULL, 206, 'CS376', '2ND', 427, 'CAMBRIDGE PRESS', '2019-02-07 17:58:43', '2019-02-08 08:11:35'),
('LOGIC DESIGN', 1, NULL, 207, 'CS377', '1ST', 258, 'C B S PUBLICATION', '2019-02-07 17:58:43', '2019-02-08 08:11:35'),
('MANAGEMENT', 1, 5, 208, 'CS378', '10TH', 544, 'PEARSON', '2019-02-07 17:58:43', '2019-02-07 18:02:26'),
('MANAGEMENT', 1, 5, 209, 'CS379', '10TH', 738, 'PEARSON', '2019-02-07 17:58:43', '2019-02-07 18:02:26'),
('MANAGEMENT & ENTERPRENERSHIP', 1, 5, 209, 'CS380', '1ST', 342, 'SHOBHA PUBLICATION', '2019-02-07 17:58:43', '2019-02-07 18:02:26'),
('MANAGEMENT IN ENGINEERING', 1, 5, 210, 'CS381', '2ND', 493, 'IMH', '2019-02-07 17:58:43', '2019-02-07 18:02:26'),
('PRINCIPLES OF MANAGEMENT', 1, 5, 211, 'CS382', '4TH', 413, 'CENGAGE LEARNING', '2019-02-07 17:58:43', '2019-02-07 18:02:26'),
('FUNDAMENTALS OF MANAGEMENT', 1, 5, 212, 'CS383', '', 493, 'TATA MCGREW', '2019-02-07 17:58:43', '2019-02-07 18:02:26'),
('PRINCIPLES OF MANAGEMENT', 1, 5, 213, 'CS384', '5TH ', 454, 'TATA MCGREW', '2019-02-07 17:58:43', '2019-02-07 18:02:26'),
('PRINCIPLES OF MANAGEMENT', 1, 5, 212, 'CS385', '5TH ', 154, 'TATA MCGREW', '2019-02-07 17:58:43', '2019-02-07 18:02:26'),
('MANAGEMENT AND ENTERPRENERSHIP', 1, 5, 212, 'CS386', '1ST', 0, '', '2019-02-07 17:58:43', '2019-02-07 18:02:26'),
('MANAGEMENT AND ENTERPRENERSHIP', 1, 5, 214, 'CS387', '1ST', 396, 'SUBHAS', '2019-02-07 17:58:43', '2019-02-07 18:02:26'),
('MANAGEMENT AND ENTERPRENERSHIP', 1, 5, 215, 'CS388', '1ST', 262, 'EXCELL BOOKS', '2019-02-07 17:58:43', '2019-02-07 18:02:26'),
('MANAGEMENT AND ENTERPRENERSHIP', 1, 5, 216, 'CS389', '2008', 272, 'I K INTERNATIONAL', '2019-02-07 17:58:43', '2019-02-07 18:02:26'),
('MANAGEMENT AND ENTERPRENERSHIP', 1, 5, 217, 'CS390', '20114', 276, 'I K INTERNATIONAL', '2019-02-07 17:58:43', '2019-02-07 18:02:26'),
('MANAGEMENT AND ENTERPRENERSHIP', 1, 5, 217, 'CS391', '1ST', 182, 'NEWAGE', '2019-02-07 17:58:43', '2019-02-07 18:02:26'),
('ELECTRONIC DEVICES AND CIRCUITS', 1, 5, 218, 'CS392', '1ST', 718, 'WILLEY ', '2019-02-07 17:58:43', '2019-02-07 18:02:26'),
('ELECTRONIC DEVICES AND CIRCUITS', 1, NULL, 219, 'CS395', '1ST', 587, 'B S PUBLICATION', '2019-02-07 17:58:43', '2019-02-08 08:11:35'),
('ELECTRONIC CIRCUITS', 1, NULL, 219, 'CS396', '1ST', 0, 'TECHNICAL PUBLICATIONS', '2019-02-07 17:58:43', '2019-02-08 08:11:35'),
('ELECTRONIC CIRCUITS', 1, NULL, 220, 'CS397', '1ST', 890, 'TECHNICAL PUBLICATIONS', '2019-02-07 17:58:43', '2019-02-08 08:11:35'),
('ELECTRONIC DEVICES AND CIRCUITS', 1, NULL, 220, 'CS398', '1ST', 0, 'TECHNICAL PUBLICATIONS', '2019-02-07 17:58:43', '2019-02-08 08:11:35'),
('ANALOG AND DIGITAL ELECTRONICS', 1, NULL, 220, 'CS399', '1ST', 0, 'TECHNICAL PUBLICATIONS', '2019-02-07 17:58:43', '2019-02-08 08:11:35'),
('ELECTRONIC DEVICES AND CIRCUITS', 1, NULL, 220, 'CS400', '5TH ', 1072, 'OXFORD PUBLICATION', '2019-02-07 17:58:43', '2019-02-08 08:11:35'),
('ELECTRONIC DEVICES AND CIRCUITS', 1, NULL, 221, 'CS401', '1ST', 984, 'RBA', '2019-02-07 17:58:43', '2019-02-08 08:11:35'),
('ELECTRONIC DEVICES AND CIRCUITS', 1, NULL, 222, 'CS402', '3RD', 748, 'MCGRAW', '2019-02-07 17:58:43', '2019-02-08 08:11:35'),
('INTEGRATED ELECTRONICS', 1, NULL, 223, 'CS403', '2ND', 858, 'MCGRAW', '2019-02-07 17:58:43', '2019-02-08 08:11:35'),
('ELECTRONIC PRINCIPLES', 1, NULL, 223, 'CS404', '7TH', 1018, 'MCGRAW', '2019-02-07 17:58:43', '2019-02-08 08:11:35'),
('DIGITAL SIGNAL PROCESSING', 1, NULL, 224, 'CS405', '3RD', 924, 'MCGRAW', '2019-02-07 17:58:43', '2019-02-08 08:11:35'),
('BASIC ELECTRONICS', 1, NULL, 225, 'CS406', '1ST', 558, 'PEARSON', '2019-02-07 17:58:43', '2019-02-08 08:11:35'),
('OBJECT ORIENTED SYSTEM', 1, 5, 226, 'CS407', '1999', 411, 'M C H', '2019-02-07 17:58:43', '2019-02-07 18:02:26'),
('OBJECT ORIENTED SYSTEM', 1, 5, 227, 'CS409', '1999', 411, 'T M H', '2019-02-07 17:58:43', '2019-02-07 18:02:26'),
('OBJECT ORIENTED ANALYSIS AND DESIGN WITH APPLICATION', 1, 5, 227, 'CS410', '3RD', 699, 'PEARSON', '2019-02-07 17:58:43', '2019-02-07 18:02:26'),
('OBJECT ORIENTED ANALYSIS AND DESIGN WITH APPLICATION', 1, 5, 228, 'CS411', '2ND', 477, 'PEARSON', '2019-02-07 17:58:43', '2019-02-07 18:02:26'),
('OBJECT ORIENTED MODELING AND DESIGN WITH UML', 1, 5, 229, 'CS412', '2ND', 477, 'PEARSON', '2019-02-07 17:58:43', '2019-02-07 18:02:26'),
('OBJECT ORIENTED DESIGN AND PATTERNS', 1, 5, 229, 'CS413', 'STUDENT EDITION', 445, 'WSE', '2019-02-07 17:58:43', '2019-02-07 18:02:26'),
('PRACTICAL OBJECT ORIENTED DESIGN WITH UML', 1, 5, 230, 'CS414', '2ND', 357, 'TMH', '2019-02-07 17:58:43', '2019-02-07 18:02:26'),
('OBJECT ORIENTED ANALYSIS AND DESIGN USING UML', 1, 5, 231, 'CS415', '1ST', 370, 'MCH', '2019-02-07 17:58:43', '2019-02-07 18:02:26'),
('SOFTWARE ARCHITECTURE', 1, NULL, 232, 'CS416', '2015', 318, 'SUNSTAR', '2019-02-07 17:58:43', '2019-02-08 08:11:35'),
('SOFTWARE ARCHITECTURE IN PRACTICE', 1, NULL, 233, 'CS417', '2ND', 528, 'PEARSON', '2019-02-07 17:58:43', '2019-02-08 08:11:35'),
('SOFTWARE TESTING AND ANALYSIS', 1, NULL, 234, 'CS418', 'STUDENT EDITION', 488, 'WILEY', '2019-02-07 17:58:43', '2019-02-08 08:11:35'),
('DESIGN PATTERNS', 1, NULL, 64, 'CS419', '2012', 395, 'PEARSON', '2019-02-07 17:58:43', '2019-02-08 08:11:35'),
('SOFTWARE ARCHITECTURE', 1, NULL, 235, 'CS421', 'EE', 242, 'PEARSON', '2019-02-07 17:58:43', '2019-02-08 08:11:35'),
('SOFTWARE ARCHITECTURE', 1, NULL, 236, 'CS422', 'EE', 242, 'PHI', '2019-02-07 17:58:43', '2019-02-08 08:11:35'),
('PATTERN ORIENTED SOFTWARE ARCHITECTURE', 1, NULL, 236, 'CS423', 'STUDENT EDITION', 467, 'PHI', '2019-02-07 17:58:43', '2019-02-08 08:11:35'),
('PATTERN ORIENTED SOFTWARE ARCHITECTURE', 1, NULL, 237, 'CS424', 'STUDENT EDITION', 467, 'WILEY', '2019-02-07 17:58:43', '2019-02-08 08:11:35'),
('ADVANCED COMPUTER ARCHITECTURE', 1, 7, 237, 'CS426', '2ND', 723, 'WILEY', '2019-02-07 17:58:43', '2019-02-07 18:02:26'),
('ADVANCED COMPUTER ARCHITECTURE', 1, 7, 238, 'CS427', '2ND', 723, 'MCH', '2019-02-07 17:58:43', '2019-02-07 18:02:26'),
('PARALLEL COMPUTER ARCHITECTURE', 1, 7, 238, 'CS429', '2002', 1025, 'MORGAO', '2019-02-07 17:58:43', '2019-02-07 18:02:26'),
('COMPUTER ARCHITECTURE & PARALLEL PROSSESING', 1, 7, 239, 'CS430', 'PDP-11', 846, 'MCH', '2019-02-07 17:58:43', '2019-02-07 18:02:26'),
('INTERENET AND WWW HOW TO PROGRAMM', 1, NULL, 240, 'CS432', '4TH', 1329, 'PEARSON', '2019-02-07 17:58:43', '2019-02-08 08:11:35'),
('HTML 4', 1, 7, 241, 'CS433', '2ND', 1254, 'TECH MEDIA', '2019-02-07 17:58:43', '2019-02-07 18:02:26'),
('PROGRAMMING THE WWW', 1, 7, 242, 'CS434', '4TH', 734, 'PEARSON', '2019-02-07 17:58:43', '2019-02-07 18:02:26'),
('AJAX', 1, 7, 243, 'CS435', '2011', 756, 'DREAM TECH', '2019-02-07 17:58:43', '2019-02-07 18:02:26'),
('WEB PROGRAMMING', 1, 7, 244, 'CS436', '3RD', 654, 'EWILEY', '2019-02-07 17:58:43', '2019-02-07 18:02:26'),
('CGI PROGRAMMING', 1, NULL, 245, 'CS437', '1ST', 433, 'SHROFF', '2019-02-07 17:58:43', '2019-02-08 08:11:35'),
('WEB PROGRAMMING', 1, 7, 246, 'CS438', '1ST', 330, 'SUBHAS STORES', '2019-02-07 17:58:43', '2019-02-07 18:02:26'),
('A PRIMER ON BASIS OF COMPUTER APPLICATION TO BIOLOGISTS', 1, NULL, 247, 'CS439', '', 149, 'COMPLIYMENTRY COPY', '2019-02-07 17:58:43', '2019-02-08 08:11:35'),
('VISUAL BASIC .NET PROGRAMMING', 1, NULL, 248, 'CS440', '5TH ', 1247, 'DREAM TECH', '2019-02-07 17:58:43', '2019-02-08 08:11:35'),
('PRO C# WITH .NET 3.0', 1, NULL, 249, 'CS441', 'SPECIAL', 1186, 'DREAM TECH', '2019-02-07 17:58:43', '2019-02-08 08:11:35'),
('PROGRAMMING IN C#', 1, NULL, 250, 'CS442', '3RD', 508, 'MCH', '2019-02-07 17:58:43', '2019-02-08 08:11:35'),
('BEGINNING J2EE 1.4', 1, 6, 155, 'CS445', '', 714, 'SHROFF', '2019-02-07 17:58:43', '2019-02-07 18:02:26'),
('THE COMPLETE REFERENCE.J2EE', 1, 6, 251, 'CS446', '2010', 874, 'TMH', '2019-02-07 17:58:43', '2019-02-07 18:02:26'),
('JAVA FUNDAMENTALS', 1, 6, 252, 'CS447', 'SPECIAL', 1034, 'MCH', '2019-02-07 17:58:43', '2019-02-07 18:02:26'),
('JAVA & J2EE', 1, NULL, 253, 'CS448', '1ST', 470, 'SSS', '2019-02-07 17:58:43', '2019-02-08 08:11:35'),
('PROGRAMMING WITH JAVA', 1, 5, 254, 'CS449', '2ND', 453, 'TMH', '2019-02-07 17:58:43', '2019-02-07 18:02:26'),
('JAVA', 1, 5, 155, 'CS450', '2005', 424, 'TMH', '2019-02-07 17:58:43', '2019-02-07 18:02:26'),
('JAVA DESIGN PATTERNS', 1, 5, 255, 'CS451', '2000', 329, 'PEARSON', '2019-02-07 17:58:43', '2019-02-07 18:02:26'),
('JAVA SERVER PAGES', 1, 5, 256, 'CS452', '1ST', 199, 'SSI', '2019-02-07 17:58:43', '2019-02-07 18:02:26'),
('OBJECT ORIENTED CONCEPTS', 1, NULL, 257, 'CS453', '1ST', 0, 'TECHNICAL', '2019-02-07 17:58:43', '2019-02-08 08:11:35'),
('INTRODUCTION RTO COMPUTER', 1, NULL, 258, 'CS455', '7TH', 628, 'TMH', '2019-02-07 17:58:43', '2019-02-08 08:11:35'),
('COMPUTER CONCEPTS AND C PROGRAMMING', 1, NULL, 259, 'CS456', '2010', 0, 'EBPB', '2019-02-07 17:58:43', '2019-02-08 08:11:35'),
('COMPUTER SCIENCE A STRUCTURED PROGRAMMING APPROCH USING C', 1, NULL, 260, 'CS459', '2006', 900, 'THOMSON LEARNING', '2019-02-07 17:58:43', '2019-02-08 08:11:35'),
('COMPUTER CONCEPTS AND C PROGRAMMING', 1, NULL, 261, 'CS461', '2012', 0, 'SRI NIDHI PUBLICATION', '2019-02-07 17:58:43', '2019-02-08 08:11:35'),
('COMPUTER CONCEPTS AND C PROGRAMMING', 1, NULL, 134, 'CS462', '2012', 0, 'SRI NIDHI', '2019-02-07 17:58:43', '2019-02-08 08:11:35'),
('COMPUTER CONCEPTS AND C PROGRAMMING', 1, NULL, 134, 'CS463', '2012', 724, 'RALGOTIA', '2019-02-07 17:58:43', '2019-02-08 08:11:35'),
('OBJECT ORIENTED PROGRAMMING IN TURBO C++', 1, NULL, 134, 'CS464', '1998', 549, 'TMH', '2019-02-07 17:58:43', '2019-02-08 08:11:35'),
('PROGRAMMING IN ANSCI C', 1, NULL, 262, 'CS465', '5TH ', 558, 'MCH', '2019-02-07 17:58:43', '2019-02-08 08:11:35'),
('PROGRAMMING IN ANSCI C', 1, NULL, 263, 'CS466', '6TH ', 493, 'MCGH', '2019-02-07 17:58:43', '2019-02-08 08:11:35'),
('PROGRAMMING IN ANSCI C', 1, NULL, 263, 'CS467', '3RD', 658, 'PEARSON', '2019-02-07 17:58:43', '2019-02-08 08:11:35'),
('PROGRAMMING C', 1, NULL, 263, 'CS468', '2ND', 594, 'PEARSON', '2019-02-07 17:58:43', '2019-02-08 08:11:35'),
('PROGRAMMING WITH ANSCI & TURBO C', 1, NULL, 264, 'CS469', '6TH ', 0, 'TMH', '2019-02-07 17:58:43', '2019-02-08 08:11:35'),
('COMPUTER CONCEPTS AND C PROGRAMMING', 1, NULL, 264, 'CS470', '2011', 570, 'DREAM TECH', '2019-02-07 17:58:43', '2019-02-08 08:11:35'),
('COMPUTER CONCEPTS AND C PROGRAMMING', 1, NULL, 155, 'CS471', '2010', 525, 'KATSON', '2019-02-07 17:58:43', '2019-02-08 08:11:35'),
('COMPUTER SCIENCE QUESTION BANK', 1, NULL, 265, 'CS472', '2006', 363, 'EEE/PHI', '2019-02-07 17:58:43', '2019-02-08 08:11:35'),
('COMPUTER PROGRAMMING C', 1, NULL, 266, 'CS473', '8TH', 322, 'CBS', '2019-02-07 17:58:43', '2019-02-08 08:11:35'),
('COMPUTER SYSTEM AND PROGRAMMING IN C', 1, NULL, 267, 'CS474', '2014/1ST', 267, 'PIP', '2019-02-07 17:58:43', '2019-02-08 08:11:35'),
('C APPLICATION PROGRAMM AND PROJECTS', 1, NULL, 268, 'CS475', '2007', 372, 'SAPNA', '2019-02-07 17:58:43', '2019-02-08 08:11:35'),
('COMPUTER CONCEPTS AND PROGRAMMING', 1, NULL, 269, 'CS476', '2001', 263, 'PHI', '2019-02-07 17:58:43', '2019-02-08 08:11:35'),
('C PROGRAMMING LANGUAGE', 1, NULL, 270, 'CS477', '2ND', 263, 'PHI', '2019-02-07 17:58:43', '2019-02-08 08:11:35'),
('C PROGRAMMING LANGUAGE', 1, NULL, 271, 'CS478', '2ND', 283, 'S CHANDAN', '2019-02-07 17:58:43', '2019-02-08 08:11:35'),
('PC SOFTWARE & IT TOOLS', 1, NULL, 271, 'CS479', '1ST', 284, 'WILEY', '2019-02-07 17:58:43', '2019-02-08 08:11:35'),
('C PROGRAMMING LABORATORY', 1, NULL, 272, 'CS480', '2012', 135, 'ACME', '2019-02-07 17:58:43', '2019-02-08 08:11:35'),
('COMPUTER CONCEPTS AND C PROGRAMMING', 1, NULL, 273, 'CS481', '2010', 188, 'SHIVA', '2019-02-07 17:58:43', '2019-02-08 08:11:35'),
('COMBINED LABOROTORY ', 1, NULL, 274, 'CS482', '2002', 215, 'SUBAS', '2019-02-07 17:58:43', '2019-02-08 08:11:35'),
('5 IN 1 P [CHEMISTRY CYCLE]', 1, NULL, 275, 'CS483', '2008', 0, '', '2019-02-07 17:58:43', '2019-02-08 08:11:35'),
('COMPUTER CONCEPT AND C-PROGRAMMING', 1, NULL, 1, 'CS484', '2006', 248, 'S M PUBLICATION', '2019-02-07 17:58:43', '2019-02-08 08:11:35'),
('C PROGRAMMING LABORATORY', 1, NULL, 276, 'CS485', '2014', 125, 'SUNSTAR', '2019-02-07 17:58:43', '2019-02-08 08:11:35'),
('ENGINEERING MATHEMATICS-III', 1, 3, 277, 'CS486', '2012', 486, 'SP', '2019-02-07 17:58:43', '2019-02-07 18:02:26'),
('ENGINEERING MATHEMATICS-III', 1, 3, 278, 'CS489', '2012', 588, 'SP', '2019-02-07 17:58:43', '2019-02-07 18:02:26'),
('ENGINEERING MATHEMATICS-III', 1, 3, 278, 'CS491', '2012', 795, 'NEW AGE', '2019-02-07 17:58:43', '2019-02-07 18:02:26'),
('THEORY AND PROBLEMS IN MATHEMATICS', 1, 3, 278, 'CS492', '2005', 628, 'BOSCOSS', '2019-02-07 17:58:43', '2019-02-07 18:02:26'),
('ENGINEERING MATHEMATICS-I', 1, 1, 279, 'CS493', '2012', 618, 'SP', '2019-02-07 17:58:43', '2019-02-07 18:02:26'),
('ENGINEERING MATHEMATICS-II', 1, 2, 278, 'CS494', '2015', 435, 'SP', '2019-02-07 17:58:43', '2019-02-07 18:02:26'),
('ENGINEERING MATHEMATICS-I', 1, 1, 278, 'CS495', '2007', 769, 'SP', '2019-02-07 17:58:43', '2019-02-07 18:02:26'),
('ENGINEERING MATHEMATICS-II', 1, 2, 278, 'CS496', '2007', 664, 'SP', '2019-02-07 17:58:43', '2019-02-07 18:02:26'),
('ENGINEERING MATHEMATICS-IV', 1, 4, 278, 'CS497', '2008', 665, 'SP', '2019-02-07 17:58:43', '2019-02-07 18:02:26'),
('FUNDAMENTALS  OF BUSINESS ANALYTICS', 1, NULL, 278, 'CS498', '2008', 326, 'WILEY', '2019-02-07 17:58:43', '2019-02-08 08:11:35'),
('THE ART OF COMPUTER SYSTEM PERFORMANCE ANALYSIS', 1, NULL, 278, 'CS499', '2010', 685, 'WILEY', '2019-02-07 17:58:43', '2019-02-08 08:11:35'),
('COMPUTER SYSTEM PERFORMANCE EVALUVATION AND PREDICTION', 1, NULL, 280, 'CS501', '2012', 525, 'DIGITAL P[RESS', '2019-02-07 17:58:43', '2019-02-08 08:11:35');
INSERT INTO `tblbooks` (`BookName`, `Status`, `C_id`, `Au_id`, `B_id`, `Edition`, `No_Of_Pages`, `Publisher`, `RegDate`, `UpdationDate`) VALUES
('FUNDAMENTALS  OF DATA STRUCTURE IN C', 1, 3, 281, 'CS502', '2ND', 617, 'UP', '2019-02-07 17:58:43', '2019-02-07 18:02:26'),
('COMPUTER AS COMPONENTS', 1, NULL, 282, 'CS503', '2ND', 507, 'MK', '2019-02-07 17:58:43', '2019-02-08 08:11:35'),
('SOFTWARE ENGINEERING', 1, 3, 283, 'CS504', '8TH', 840, 'PEARSON', '2019-02-07 17:58:43', '2019-02-07 18:02:26'),
('OPERATING SYSTEM', 1, 6, 284, 'CS505', '1ST', 0, 'TECHNICAL', '2019-02-07 17:58:43', '2019-02-07 18:02:26'),
('MICROPROCESSOR AND MICROCONTROLLER', 1, 3, 54, 'CS506', '1ST', 0, 'TECHNICAL', '2019-02-07 17:58:43', '2019-02-07 18:02:26'),
('BIG DAT BIG ANALYTICS', 1, NULL, 220, 'CS507', '2015', 187, 'WILEY', '2019-02-07 17:58:43', '2019-02-08 08:11:35'),
('THE DOUBT PROGRAMMING LANGUAGE', 1, NULL, 285, 'CS508', '206', 193, 'PEARSON', '2019-02-07 17:58:43', '2019-02-08 08:11:35'),
('DATA BASE MANAGEMENT SYSTEM', 1, 5, 286, 'CS509', '1ST', 0, 'TECHNICAL', '2019-02-07 17:58:43', '2019-02-07 18:02:26'),
('CRYPHTOGRAPHY IN NETWORK SECURITY', 1, 7, 287, 'CS510', '2ND', 702, 'MCGH', '2019-02-07 17:58:43', '2019-02-07 18:02:26'),
('COMPUTER NETWORKING', 1, 5, 71, 'CS511', '6TH ', 888, 'PEARSON', '2019-02-07 17:58:43', '2019-02-07 18:02:26'),
('COMPUTER AND COMMUNICATION NETWORK', 1, 5, 288, 'CS512', '2015', 617, 'PEARSON', '2019-02-07 17:58:43', '2019-02-07 18:02:26'),
('CRYPHTOGRAPHY IN NETWORK SECURITY', 1, NULL, 289, 'CS513', '2017', 224, 'SUBHAS', '2019-02-07 17:58:43', '2019-02-08 08:11:35'),
('COMPUTER NETWORKS', 1, 5, 247, 'CS514', '1ST', 0, 'TECHNICAL', '2019-02-07 17:58:43', '2019-02-07 18:02:26'),
('DATA COMMUNICATION & NETWORKING', 1, 3, 54, 'CS515', '1ST', 0, 'TECHNICAL', '2019-02-07 17:58:43', '2019-02-07 18:02:26'),
('BASIC ELECTRICAL ENGINEERING', 1, NULL, 54, 'CS516', '2005', 384, 'INTERLINE', '2019-02-07 17:58:43', '2019-02-08 08:11:35'),
('BASIC ELECTRICAL ENGINEERING', 1, NULL, 290, 'CS517', 'NEW EDITION', 480, 'LAKSHMI', '2019-02-07 17:58:43', '2019-02-08 08:11:35'),
('ENGINEERING MATHEMATICS AND CIVIL ENGINEERING', 1, NULL, 291, 'CS518', '2003', 338, 'NEWAGE', '2019-02-07 17:58:43', '2019-02-08 08:11:35'),
('ELEMENTS OF CIVIL ENGG', 1, NULL, 292, 'CS519', '3RD', 322, 'SUBHAS', '2019-02-07 17:58:43', '2019-02-08 08:11:35'),
('ENVIRONMENT STUDIES', 1, NULL, 293, 'CS520', '6TH ', 239, 'SUNSTAR', '2019-02-07 17:58:43', '2019-02-08 08:11:35'),
('QUESTION BANK WITH SOLUTION ON CAED', 1, NULL, 294, 'CS521', '1ST/2007', 177, 'C K LIBRARY', '2019-02-07 17:58:43', '2019-02-08 08:11:35'),
('CHEMISTRY FOR ENGINEERING STUDENT', 1, NULL, 1, 'CS522', '2011', 268, 'SUBHAS', '2019-02-07 17:58:43', '2019-02-08 08:11:35'),
('ELEMENTS OF CIVIL ENGG', 1, NULL, 295, 'CS523', '', 18, 'SPECTRUM', '2019-02-07 17:58:43', '2019-02-08 08:11:35'),
('ENVIRONMENT STUDIES', 1, NULL, 1, 'CS524', '3RD', 235, 'NEWAGE', '2019-02-07 17:58:43', '2019-02-08 08:11:35'),
('BIOLOGY FOR CET & COMEDK', 1, NULL, 296, 'CS525', '2010', 690, 'CENGAGE', '2019-02-07 17:58:43', '2019-02-08 08:11:35'),
('PRINCIPLES OF MANAGEMENT', 1, NULL, 297, 'CS526', '4TH', 413, 'TATA MCGRAW', '2019-02-07 17:58:43', '2019-02-08 08:11:35'),
('GATE-13', 1, NULL, 298, 'CS527', '87-12', 677, 'ACE', '2019-02-07 17:58:43', '2019-02-08 08:11:35'),
('COMPUTER & COMMUNICATION NETWORKS', 1, NULL, 299, 'CS528', '2017', 617, 'PEARSON', '2019-02-07 17:58:43', '2019-02-08 08:11:35'),
('CLOUD COMPUTING', 1, 5, 289, 'CS529', '2011', 637, 'WILEY', '2019-02-07 17:58:43', '2019-02-07 18:02:26'),
('NETWORK SECURITY ESSENTIALS', 1, NULL, 300, 'CS530', '4TH', 417, 'PEARSON', '2019-02-07 17:58:43', '2019-02-08 08:11:35'),
('PRINCIPLES OF INFORMATION SECURITY', 1, NULL, 14, 'CS531', '4TH', 619, 'CENGAGE LEARNING', '2019-02-07 17:58:43', '2019-02-08 08:11:35'),
('INTRODUCTION TO WIRELESS COMMUNICATION SYSTEM AND NETWORKS', 1, NULL, 301, 'CS532', 'INDIA', 446, 'CENGAGE', '2019-02-07 17:58:43', '2019-02-08 08:11:35'),
('INTERNET AND INTERANET', 1, NULL, 302, 'CS533', '1999', 424, 'MCGRAW', '2019-02-07 17:58:43', '2019-02-08 08:11:35'),
('COMPUTER GRAPHICS', 1, 6, 303, 'CS534', '2ND', 650, 'EEE', '2019-02-07 17:58:43', '2019-02-07 18:02:26'),
('FUNDAMENTALS OF DATA BASE SYSTEMS', 1, 5, 304, 'CS535', '3RD', 955, 'PEARSON', '2019-02-07 17:58:43', '2019-02-07 18:02:26'),
('OPERATING SYSTEM', 1, 6, 305, 'CS536', '2ND', 789, 'MCGRAW', '2019-02-07 17:58:43', '2019-02-07 18:02:26'),
('EMBEDED SOFTWARE', 1, NULL, 306, 'CS537', '2006', 443, 'PEARSON', '2019-02-07 17:58:43', '2019-02-08 08:11:35'),
('ALGORITHS', 1, 5, 307, 'CS538', '2ND', 524, 'PEARSON', '2019-02-07 17:58:43', '2019-02-07 18:02:26'),
('MASTERING VISUAL BASIC 6', 1, NULL, 308, 'CS539', '', 1284, 'BPB', '2019-02-07 17:58:43', '2019-02-08 08:11:35'),
('COMPUTER ARCHICTURE ', 1, 7, 309, 'CS540', '9TH', 84, 'MK', '2019-02-07 17:58:43', '2019-02-07 18:02:26'),
('COMPUTER AS COMPONENTS', 1, NULL, 310, 'CS541', '2ND', 505, 'MK', '2019-02-07 17:58:43', '2019-02-08 08:11:35'),
('INFORMATION STORAGE AND MANGEMENT', 1, 7, 311, 'CS542', '2ND', 488, 'WILEY', '2019-02-07 17:58:43', '2019-02-07 18:02:26'),
('COMPUTER ARCHITECTURE ', 1, 7, 312, 'CS543', 'MK', 82, 'MK', '2019-02-07 17:58:43', '2019-02-07 18:02:26'),
('STORAGE NETWORKS', 1, 7, 310, 'CS544', 'WILEY', 400, 'WILEY', '2019-02-07 17:58:43', '2019-02-07 18:02:26'),
('EMBEDED SYSTEM', 1, NULL, 313, 'CS545', '2009', 716, 'MC GRAW', '2019-02-07 17:58:43', '2019-02-08 08:11:35'),
('INFORMATION STORAGE AND MANGEMENT', 1, 7, 59, 'CS546', '2008', 455, 'WILEY', '2019-02-07 17:58:43', '2019-02-07 18:02:26'),
('JAVA FUNDAMENTALS', 1, 3, 314, 'CS547', 'SL', 1035, 'SPECIAL INDIAN', '2019-02-07 17:58:43', '2019-02-07 18:02:26'),
('COMPUTER ARCHITECTURE', 1, NULL, 253, 'CS548', '4TH', 38, 'ELSEVIER', '2019-02-07 17:58:43', '2019-02-08 08:11:35'),
('INFORMATION STORAGE AND MANGEMENT', 1, 7, 315, 'CS549', '2ND', 489, 'WILEY', '2019-02-07 17:58:43', '2019-02-07 18:02:26'),
('COMPUTER ARCHITECTURE', 1, 7, 312, 'CS550', '9TH', 184, 'MK', '2019-02-07 17:58:43', '2019-02-07 18:02:26'),
('PROGRAMMING THE WORLD WIDE WEB', 1, 7, 316, 'CS551', '4TH', 734, 'PEARSON', '2019-02-07 17:58:43', '2019-02-07 18:02:26'),
('INFORMATION STORAGE AND MANGEMENT', 1, 7, 317, 'CS555', '2ND', 489, 'WILEY', '2019-02-07 17:58:43', '2019-02-07 18:02:26'),
('OBJECT ORIENTED MODELING AND DESIGN WITH UML', 1, 5, 314, 'CS556', '2ND', 477, 'PEARSON', '2019-02-07 17:58:43', '2019-02-07 18:02:26'),
('SYSTEM SOFTWARE', 1, 3, 318, 'CS558', '2017', 7, 'TECHNICAL', '2019-02-07 17:58:43', '2019-02-07 18:02:26'),
('SUN EDUCATION SERVICES', 1, NULL, 126, 'CS559', '2004', 0, 'SM', '2019-02-07 17:58:43', '2019-02-08 08:11:35'),
('OPERATING SYSTEMS', 1, 6, 319, 'CS560', '3RD', 828, 'MCGRAW', '2019-02-07 17:58:43', '2019-02-07 18:02:26'),
('SUN EDUCATION SERVICES', 1, NULL, 320, 'CS561', '2004', 0, 'SM', '2019-02-07 17:58:43', '2019-02-08 08:11:35'),
('CRYPHTOGRAPHY IN NETWORK SECURITY', 1, NULL, 319, 'CS562', '2018', 488, 'CENGAGE', '2019-02-07 17:58:43', '2019-02-08 08:11:35'),
('OPERATING SYSTEM', 1, 6, 321, 'CS563', '3RD', 828, 'MCGRAW', '2019-02-07 17:58:43', '2019-02-07 18:02:26'),
('DATA COMMUNICATION & NETWORKING', 1, 3, 322, 'CS564', '5TH ', 0, 'MCGRAW', '2019-02-07 17:58:43', '2019-02-07 18:02:26'),
('DATASTRUCTURE USING C', 1, 3, 323, 'CS565', '13', 315, 'MCGRAW', '2019-02-07 17:58:43', '2019-02-07 18:02:26'),
('JAVA COMPLETE REFERENCE', 1, 4, 155, 'CS566', 'INDIA', 1304, 'MCGRAW', '2019-02-07 17:58:43', '2019-02-07 18:02:26'),
('PRINCIPLES OF COMPILER DESIGN', 1, 6, 253, 'CS567', '2010', 581, 'MCGRAW', '2019-02-07 17:58:43', '2019-02-07 18:02:26'),
('DATA  STRUCTURES USING C', 1, 3, 164, 'CS568', '13', 315, 'MCGRAW', '2019-02-07 17:58:43', '2019-02-07 18:02:26'),
('NATIONAL CONFERENCE FRONTIES OF CS&TECH', 1, NULL, 155, 'CS569', '2012', 382, 'VINAYAKA', '2019-02-07 17:58:43', '2019-02-08 08:11:35'),
('FUNDAMENTALS OF DATA BASE SYSTEMS', 1, 5, 324, 'CS570', '5TH ', 1143, 'PEARSON', '2019-02-07 17:58:43', '2019-02-07 18:02:26'),
('ALGORITHS', 1, 5, 325, 'CS571', 'INDIA', 320, 'MCGRAW', '2019-02-07 17:58:43', '2019-02-07 18:02:26'),
('SIMLATION MODELING AND ANALYSISIS', 1, NULL, 326, 'CS573', '4TH', 768, 'INDIAN', '2019-02-07 17:58:43', '2019-02-08 08:11:35'),
('MICROPROCESSOR AND INTERFACING', 1, 3, 181, 'CS574', '3RD', 16, 'MCGRAW', '2019-02-07 17:58:43', '2019-02-07 18:02:26'),
('ENGINEERING  MATHMATICS-4', 1, 4, 327, 'CS576', '2013', 444, 'SP', '2019-02-07 17:58:43', '2019-02-07 18:02:26'),
('COMPUTER ORGANISATION', 1, 3, 328, 'CS577', '2002', 795, 'PEARSON', '2019-02-07 17:58:43', '2019-02-07 18:02:26'),
('INTERACTIVE COMPUTER GRAPHICS', 1, 6, 107, 'CS579', '2013', 543, 'PEARSON', '2019-02-07 17:58:43', '2019-02-07 18:02:26'),
('DATASTRUCTURE USING C', 1, 3, 102, 'CS581', '2012', 8, 'NP', '2019-02-07 17:58:43', '2019-02-07 18:02:26'),
('ENGINEERING MATHAMETICS-1', 1, 1, 134, 'CS582', '2010', 589, 'SP', '2019-02-07 17:58:43', '2019-02-07 18:02:26'),
('OOPS WITH C++', 1, 5, 328, 'CS583', '2012', 8, 'NP', '2019-02-07 17:58:43', '2019-02-07 18:02:26'),
('UNIX SYSTEM USING C++', 1, 4, 134, 'CS584', '1997', 587, 'PHI', '2019-02-07 17:58:43', '2019-02-07 18:02:26'),
('MANAGEMANT AND ENTREPRENEURSHIP', 1, 5, 69, 'CS587', '2013', 276, 'IK', '2019-02-07 17:58:43', '2019-02-07 18:02:26'),
('COMPUTER AS COMPONENTS', 1, NULL, 329, 'CS588', '2016', 487, 'PEARSON', '2019-02-07 17:58:43', '2019-02-08 08:11:35'),
('COMPILER DESIGN', 1, 5, 330, 'CS589', '2014', 7, 'NP', '2019-02-07 17:58:43', '2019-02-07 18:02:26'),
('ELECTRONIC DEVICES AND CIRCUITS', 1, NULL, 134, 'CS590', '2009', 701, 'WILEY', '2019-02-07 17:58:43', '2019-02-08 08:11:35'),
('SYSYTEM SOFTWARE', 1, 6, 219, 'CS591', '', 485, 'PEARSON', '2019-02-07 17:58:43', '2019-02-07 18:02:26'),
('GRAPH THEORY AND COMBINATION', 1, 3, 125, 'CS593', '2012', 494, 'PEARSON', '2019-02-07 17:58:43', '2019-02-07 18:02:26'),
('SYSTEM SOFTWARE', 1, 6, 107, 'CS594', '2012', 485, 'PEARSON', '2019-02-07 17:58:43', '2019-02-07 18:02:26'),
('SYSTEM SOFTWARE', 1, 6, 125, 'CS596', '2002', 511, 'PEARSON', '2019-02-07 17:58:43', '2019-02-07 18:02:26'),
('OBJECT ORIENTED MODELING AND DESIGN WITH UML', 1, 5, 125, 'CS597', '2015', 469, 'PEARSON', '2019-02-07 17:58:43', '2019-02-07 18:02:26'),
('THE INTEL MICROPROCESSOR', 1, 3, 331, 'CS598', '2012', 759, 'PEARSON', '2019-02-07 17:58:43', '2019-02-07 18:02:26'),
('ALGORITHMS', 1, 4, 332, 'CS600', '2007', 772, 'PEARSON', '2019-02-07 17:58:43', '2019-02-07 18:02:26'),
('OBJECT ORIENTED PRAGRAMMING USING C++', 1, 5, 145, 'CS601', '2013', 723, 'NANDHI', '2019-02-07 17:58:43', '2019-02-07 18:02:26'),
('THE INTEL MICROPROCESSOR', 1, 3, 333, 'CS602', '2013', 670, 'PEARSON', '2019-02-07 17:58:43', '2019-02-07 18:02:26'),
('COMPUTER CONCEPTS AND C PROGRAMMING', 1, NULL, 332, 'CS603', '2010', 571, 'DREAM TECH', '2019-02-07 17:58:43', '2019-02-08 08:11:35'),
('OBJECT ORIENTED MODELING AND DESIGN WITH UML', 1, 5, 265, 'CS604', '2013', 469, 'PEARSON', '2019-02-07 17:58:43', '2019-02-07 18:02:26'),
('DISCREATE MATHEMATICAL STRUCTURES', 1, 3, 331, 'CS605', '2011', 439, 'PEARSON', '2019-02-07 17:58:43', '2019-02-07 18:02:26'),
('CONCEPTS AND APPLICATIONS UNIX', 1, NULL, 334, 'CS606', '2008', 652, 'PEARSON', '2019-02-07 17:58:43', '2019-02-08 08:11:35'),
('INTERACTIVE COMPUTER GRAPHICS', 1, NULL, 72, 'CS607', '2009', 791, 'PEARSON', '2019-02-07 17:58:43', '2019-02-08 08:11:35'),
('AUTOMATA THEORY LANGUAGE & COMPUTATION', 1, 4, 102, 'CS608', '2011', 479, 'PEARSON', '2019-02-07 17:58:43', '2019-02-07 18:02:26'),
('THE DESIGN & ANALYSIS OF ALGORITHMS', 1, 4, 335, 'CS609', '2007', 495, 'PEARSON', '2019-02-07 17:58:43', '2019-02-07 18:02:26'),
('THE INTEL MICROPROCESSOR', 1, 3, 144, 'CS610', '2013', 670, 'PEARSON', '2019-02-07 17:58:43', '2019-02-07 18:02:26'),
('LEX & YACC', 1, 6, 111, 'CS611', '2012', 341, 'O REILLY', '2019-02-07 17:58:43', '2019-02-07 18:02:26'),
('GRAPH THEORY AND COMBINATION', 1, NULL, 336, 'CS612', '2015', 502, 'PRISM', '2019-02-07 17:58:43', '2019-02-08 08:11:35'),
('ELECTRONIC DEVICES AND CIRCUITS', 1, NULL, 337, 'CS613', '2011', 701, 'WILEY', '2019-02-07 17:58:43', '2019-02-08 08:11:35'),
('UNIX SYSTEM PROGRAMMING USING C++', 1, 4, 338, 'CS614', '1997', 585, 'PEARSON', '2019-02-07 17:58:43', '2019-02-07 18:02:26'),
('COMPILER', 1, 6, 69, 'CS615', '2013', 605, 'PEARSON', '2019-02-07 17:58:43', '2019-02-07 18:02:26'),
('ADVANCED COMPUTER ARCHITECTURE', 1, 7, 147, 'CS616', '2013', 8, 'TECHNICAL', '2019-02-07 17:58:43', '2019-02-07 18:02:26'),
('DIGITAL PRINCIPLES & APPLICATION', 1, NULL, 54, 'CS617', '2014', 695, 'PEARSON', '2019-02-07 17:58:43', '2019-02-08 08:11:35'),
('GRAPH THEORY AND COMBINATION', 1, NULL, 339, 'CS618', '2012', 494, 'PEARSON', '2019-02-07 17:58:43', '2019-02-08 08:11:35'),
('SOFTWARE ENGINEERING', 1, 3, 337, 'CS619', '2007', 848, 'PEARSON', '2019-02-07 17:58:43', '2019-02-07 18:02:26'),
('OPERATIONAL REASEARCH', 1, 6, 340, 'CS620', '2010', 311, 'INTERLINE', '2019-02-07 17:58:43', '2019-02-07 18:02:26'),
('INFORMATION STORAGE AND MANGEMENT', 1, 7, 341, 'CS621', '2015', 439, 'WILLEY', '2019-02-07 17:58:43', '2019-02-07 18:02:26'),
('FINITE AUTOMATA AND FORMAL LANGUAGES', 1, 5, 342, 'CS622', '2012', 451, 'PEARSON', '2019-02-07 17:58:43', '2019-02-07 18:02:26'),
('DATA STRUCTURES USING C', 1, 3, 134, 'CS623', '2015', 8, 'NANDHI', '2019-02-07 17:58:43', '2019-02-07 18:02:26'),
('GRAPH THEORY AND COMBINATION', 1, NULL, 333, 'CS624', '2015', 502, 'PRISM', '2019-02-07 17:58:43', '2019-02-08 08:11:35'),
('DIGITAL PRINCIPALS AND APPLICATION ', 1, NULL, 334, 'CS626', '2012', 672, 'PEARSON', '2019-02-07 17:58:43', '2019-02-08 08:11:35'),
('MANAGEMENT AND ENTERPRENERSHIP', 1, 5, 343, 'CS627', '2012', 276, 'IK', '2019-02-07 17:58:43', '2019-02-07 18:02:26'),
('ELECTRONIC DEVICES AND CIRCUITS', 1, NULL, 329, 'CS628', '2009', 701, 'WILEY', '2019-02-07 17:58:43', '2019-02-08 08:11:35'),
('COMPUTER ARCHITECHTURE', 1, 7, 338, 'CS629', '2007', 0, 'PEARSON', '2019-02-07 17:58:43', '2019-02-07 18:02:26'),
('MANAGEMENT AND ENTERPRENERSHIP', 1, 5, 344, 'CS630', '2008', 272, 'IK', '2019-02-07 17:58:43', '2019-02-07 18:02:26'),
('OBJECT ORIENTED MODELING AND DESIGN WITH UML', 1, 5, 329, 'CS631', '2012', 469, 'PEARSON', '2019-02-07 17:58:43', '2019-02-07 18:02:26'),
('OPERATIONAL AMPLIFIER', 1, NULL, 318, 'CS632', '1971', 469, 'MC GRAW', '2019-02-07 17:58:43', '2019-02-08 08:11:35'),
('AUTOMATA THEORY LANGUAGE & COMPUTATION', 1, 4, 345, 'CS633', '2013', 479, 'PEARSON', '2019-02-07 17:58:43', '2019-02-07 18:02:26'),
('FINATE AUTOMATA AND FORMAL LANGUAGES', 1, 5, 335, 'CS634', '2014', 451, 'PEARSON', '2019-02-07 17:58:43', '2019-02-07 18:02:26'),
('MANAGEMENT AND ENTREPRENEURSHIP', 1, 5, 333, 'CS635', '2012', 276, 'IK', '2019-02-07 17:58:43', '2019-02-07 18:02:26'),
('OPERATING SYSTEM CONCEPTS', 1, 6, 329, 'CS636', '2013', 957, 'WILEY', '2019-02-07 17:58:43', '2019-02-07 18:02:26'),
('ADVANCED COMPUTER ARCHITECTURE', 1, 7, 346, 'CS637', '2013', 828, 'TECHNICAL', '2019-02-07 17:58:43', '2019-02-07 18:02:26'),
('FINATE AUTOMATA AND FORMAL LANGUAGES', 1, 5, 347, 'CS638', '2008', 8, 'NANDHI', '2019-02-07 17:58:43', '2019-02-07 18:02:26'),
('COMPUTER ORGANISATION', 1, 3, 134, 'CS639', '2002', 795, 'INTERNATIONAL', '2019-02-07 17:58:43', '2019-02-07 18:02:26'),
('GRAPH THEORY AND COMBINATION', 1, NULL, 107, 'CS640', '2012', 494, 'PRISM', '2019-02-07 17:58:43', '2019-02-08 08:11:35'),
('ENGINEERING MATHMATICS-4', 1, 4, 337, 'CS641', '2012', 444, 'SUDHA', '2019-02-07 17:58:43', '2019-02-07 18:02:26'),
('INTRODUCTION TO THE DESIGN & ANALYSIS OF ALGORITHMS', 1, NULL, 348, 'CS642', '2011', 505, 'PEARSON', '2019-02-07 17:58:43', '2019-02-08 08:11:35'),
('DESIGN &ANALYSIS OF ALGORITHMS', 1, NULL, 144, 'CS643', '2014', 10, 'NANDHI', '2019-02-07 17:58:43', '2019-02-08 08:11:35'),
('GRAPH THEORY AND COMBINATION', 1, NULL, 333, 'CS644', '2013', 494, 'PRISM', '2019-02-07 17:58:43', '2019-02-08 08:11:35'),
('INTERACTIVE COMPUTER GRAPHICS', 1, NULL, 337, 'CS645', '2013', 483, 'PEARSON', '2019-02-07 17:58:43', '2019-02-08 08:11:35'),
('DISCREATE MATHEMATICAL STRUCTURES', 1, 3, 102, 'CS646', '2011', 439, 'PRISM', '2019-02-07 17:58:43', '2019-02-07 18:02:26'),
('STRUCTURED COMPUTER ORGANISATION', 1, 3, 337, 'CS650', '1997', 575, 'PRISM', '2019-02-07 17:58:43', '2019-02-07 18:02:26'),
('COMMUNICATION NETWORKS', 1, 5, 250, 'CS652', '2011', 871, 'MC GRAW', '2019-02-07 17:58:43', '2019-02-07 18:02:26'),
('ENGINEERING MATHAMATICS-2', 1, 2, 224, 'CS653', '2011', 491, 'SUDHA', '2019-02-07 17:58:43', '2019-02-07 18:02:26'),
('ENGINEERING MATHAMATICS-2', 1, 2, 328, 'CS654', '2014', 491, 'SUDHA', '2019-02-07 17:58:43', '2019-02-07 18:02:26'),
('ENGINEERING PHYSICS', 1, NULL, 328, 'CS655', '2015', 540, 'SUDHA', '2019-02-07 17:58:43', '2019-02-08 08:11:35'),
('PRINCIPLE OF MANANGEMENT', 1, NULL, 349, 'CS656', '2011', 409, 'PEARSON', '2019-02-07 17:58:43', '2019-02-08 08:11:35'),
('DISCREATE MATHEMATICAL STRUCTURES', 1, 3, 350, 'CS657', '2011', 439, 'PEARSON', '2019-02-07 17:58:43', '2019-02-07 18:02:26'),
('DATA STRUCTURES USING C&C++', 1, 3, 337, 'CS658', '2013', 663, 'PEARSON', '2019-02-07 17:58:43', '2019-02-07 18:02:26'),
('GRAPH THEORY AND COMBINATION', 1, NULL, 351, 'CS659', '2005', 494, 'PRISM', '2019-02-07 17:58:43', '2019-02-08 08:11:35'),
('SUNSTAR SCANNER', 1, NULL, 337, 'CS660', '2017', 188, 'SUNSTAR', '2019-02-07 17:58:43', '2019-02-08 08:11:35'),
('COMPUTER ARCHITECTURE', 1, 3, 352, 'CS661', '2007', 0, 'PEARSON', '2019-02-07 17:58:43', '2019-02-07 18:02:26'),
('GRAPH THEORY AND COMBINATION', 1, NULL, 344, 'CS662', '2015', 494, 'PEARSON', '2019-02-07 17:58:43', '2019-02-08 08:11:35'),
('ADVANCED MICROPROCESSORS', 1, 3, 337, 'CS663', '2004', 501, 'TECHNICAL', '2019-02-07 17:58:43', '2019-02-07 18:02:26'),
('IBM PC AND CLONES', 1, NULL, 220, 'CS664', '1991', 727, 'TATA MCGRAW', '2019-02-07 17:58:43', '2019-02-08 08:11:35'),
('PROGRAMING WITH JAVA', 1, 4, 353, 'CS665', '2011', 289, 'SUDHA', '2019-02-07 17:58:43', '2019-02-07 18:02:26'),
('OPERATING SYSTEM CONCEPTS', 1, 6, 354, 'CS666', '2010', 957, 'PEARSON', '2019-02-07 17:58:43', '2019-02-07 18:02:26'),
('COMPILERS', 1, 5, 355, 'CS667', '2007', 993, 'PEARSON', '2019-02-07 17:58:43', '2019-02-07 18:02:26'),
('SOFTWARE ENGINEERING', 1, 3, 147, 'CS668', '2012', 824, 'PEARSON', '2019-02-07 17:58:43', '2019-02-07 18:02:26'),
('PHYTHON APLLICATIONS AND PROGRAMMING', 1, 7, 89, 'CS669', '2018', 26, 'TECHNICAL', '2019-02-07 17:58:43', '2019-02-07 18:02:26'),
('ANALYSIS  AND DESIGN OF ALGORITHMS', 1, 4, 126, 'CS670', '2008', 11, 'NANDHI', '2019-02-07 17:58:43', '2019-02-07 18:02:26'),
('STSTEM SOFTWARE', 1, 6, 134, 'CS671', '2007', 485, 'PEARSON', '2019-02-07 17:58:43', '2019-02-07 18:02:26'),
('MANAGEMENT AND ENTREPRENEURSHIP', 1, 5, 125, 'CS672', '2016', 276, 'IK', '2019-02-07 17:58:43', '2019-02-07 18:02:26'),
('SYSTEM SOFTWARE', 1, 6, 329, 'CS674', '2013', 7, 'NANDHI', '2019-02-07 17:58:43', '2019-02-07 18:02:26'),
('COMPUTER ORGANISATION', 1, 3, 333, 'CS675', '2002', 795, 'MC GRAW', '2019-02-07 17:58:43', '2019-02-07 18:02:26'),
('BASIC ELECRONICS', 1, NULL, 107, 'CS676', '2013', 8068, 'PEARSON', '2019-02-07 17:58:43', '2019-02-08 08:11:35'),
('ENGINEERING MATHMATICS-3', 1, 3, 226, 'CS678', '2013', 473, 'SUDHA', '2019-02-07 17:58:43', '2019-02-07 18:02:26'),
('INFORMATION STORAGE AND MANGEMENT', 1, 7, 348, 'CS680', '2015', 0, 'WILEY', '2019-02-07 17:58:43', '2019-02-07 18:02:26'),
('DIGITAL PRINCIPALS AND APPLICATION ', 1, NULL, 342, 'CS681', '2004', 678, 'TATA MCGRAW', '2019-02-07 17:58:43', '2019-02-08 08:11:35'),
('DIGITAL PRINCIPALS AND APPLICATION ', 1, NULL, 356, 'CS682', '2015', 672, 'PEARSON', '2019-02-07 17:58:43', '2019-02-08 08:11:35'),
('ENGINEERING MATHMATICS-4', 1, 4, 356, 'CS683', '2012', 444, 'SUDHA', '2019-02-07 17:58:43', '2019-02-07 18:02:26'),
('DIGITAL PRINCIPALS AND APPLICATION ', 1, NULL, 337, 'CS684', '2011', 672, 'PEARSON', '2019-02-07 17:58:43', '2019-02-08 08:11:35'),
('ELECTRONIC CIRCUITS', 1, NULL, 356, 'CS685', '2012', 508, 'FILLIP', '2019-02-07 17:58:43', '2019-02-08 08:11:35'),
('COMPUTER ORGANISATION', 1, 3, 226, 'CS686', '2007', 430, 'PEARSON', '2019-02-07 17:58:43', '2019-02-07 18:02:26'),
('THE INTEL MICROPROCESSOR', 1, 4, 109, 'CS687', '2013', 490, 'PEARSON', '2019-02-07 17:58:43', '2019-02-07 18:02:26'),
('MATHAMATICS-4', 1, 4, 111, 'CS688', '2016', 473, 'SUDHA', '2019-02-07 17:58:43', '2019-02-07 18:02:26'),
('ANALOG AND DIGITAL ELECTRONICS', 1, 3, 348, 'CS689', '2007', 0, 'TECHNICAL', '2019-02-07 17:58:43', '2019-02-07 18:02:26'),
('ADVANCED MICROPROCESSOR', 1, 4, 220, 'CS690', '2014', 211, 'SAPNA', '2019-02-07 17:58:43', '2019-02-07 18:02:26'),
('MICROPROCESSOR', 1, 4, 357, 'CS692', '2008', 8, 'NANDHI', '2019-02-07 17:58:43', '2019-02-07 18:02:26'),
('DIGITAL PRINCIPLES & APPLICATION', 1, 3, 134, 'CS693', '2007', 677, 'TATA MCGRAW', '2019-02-07 17:58:43', '2019-02-07 18:02:26'),
('OBJECT ORIENTED  PROGRAMMING WITH C++', 1, 5, 343, 'CS694', '2010', 633, 'MC GRAW', '2019-02-07 17:58:43', '2019-02-07 18:02:26'),
('COMPUTER ARCHITECHTURE', 1, 7, 155, 'CS695', '2012', 0, 'MORGANN', '2019-02-07 17:58:43', '2019-02-07 18:02:26'),
('DATA STRUCTURE USING C AND C++', 1, 3, 344, 'CS697', '2012', 8, 'NANDHI', '2019-02-07 17:58:43', '2019-02-07 18:02:26'),
('FINATE AUTOMATA AND FORMAL LANGUAGES', 1, 5, 134, 'CS698', '2009', 791, 'NANDHI', '2019-02-07 17:58:43', '2019-02-07 18:02:26'),
('INTERACTIVE COMPUTER GRAPHICS', 1, NULL, 134, 'CS699', '2009', 605, 'PEARSON', '2019-02-07 17:58:43', '2019-02-08 08:11:35'),
('CHEMISTRY FOR ENGINEERING STUDENT', 1, NULL, 102, 'CS703', '2014', 276, 'SUBAS', '2019-02-07 17:58:43', '2019-02-08 08:11:35'),
('DIGITAL PRINCIPALS AND APPLICATION ', 1, NULL, 358, 'CS704', '2012', 672, 'MC GRAW', '2019-02-07 17:58:43', '2019-02-08 08:11:35'),
('COMMUNICATION NETWORKS', 1, 5, 343, 'CS706', '2013', 871, 'MC GRAW', '2019-02-07 17:58:43', '2019-02-07 18:02:26'),
('ENGINEERING MATHEMATICS-4', 1, 4, 359, 'CS708', '2016', 444, 'SUDHA', '2019-02-07 17:58:43', '2019-02-07 18:02:26'),
('OPERATIONAL REASEARCH', 1, 6, 348, 'CS709', '2010', 1038, 'MC GRAW', '2019-02-07 17:58:43', '2019-02-07 18:02:26'),
('SOFTWARE ENGINEERING', 1, 3, 175, 'CS710', '2009', 848, 'PEARSON', '2019-02-07 17:58:43', '2019-02-07 18:02:26'),
('COMPUTER AS COMPONENTS', 1, NULL, 340, 'CS712', '2014', 497, 'MORGANN', '2019-02-07 17:58:43', '2019-02-08 08:11:35'),
('COMPUTER CONCEPTS & C PROGRAMMING', 1, NULL, 311, 'CS714', '2002', 232, 'SWAPNA', '2019-02-07 17:58:43', '2019-02-08 08:11:35');

-- --------------------------------------------------------

--
-- Table structure for table `tblcategory`
--

CREATE TABLE `tblcategory` (
  `C_id` int(11) NOT NULL,
  `CategoryName` varchar(150) NOT NULL,
  `Status` int(1) NOT NULL,
  `CreationDate` timestamp NULL DEFAULT CURRENT_TIMESTAMP,
  `UpdationDate` timestamp NULL DEFAULT '0000-00-00 00:00:00' ON UPDATE CURRENT_TIMESTAMP
) ENGINE=InnoDB DEFAULT CHARSET=latin1;

--
-- Dumping data for table `tblcategory`
--

INSERT INTO `tblcategory` (`C_id`, `CategoryName`, `Status`, `CreationDate`, `UpdationDate`) VALUES
(1, 'CSE1', 0, '2019-02-06 04:44:12', '0000-00-00 00:00:00'),
(2, 'CSE2', 1, '2019-02-06 04:44:12', '0000-00-00 00:00:00'),
(3, 'CSE3', 0, '2019-02-06 04:44:12', '0000-00-00 00:00:00'),
(4, 'CSE4', 1, '2019-02-06 04:44:12', '0000-00-00 00:00:00'),
(5, 'CSE5', 0, '2019-02-06 04:44:12', '0000-00-00 00:00:00'),
(6, 'CSE6', 1, '2019-02-06 04:44:12', '0000-00-00 00:00:00'),
(7, 'CSE7', 0, '2019-02-06 04:44:12', '0000-00-00 00:00:00'),
(8, 'CSE8', 1, '2019-02-06 04:44:12', '0000-00-00 00:00:00');

-- --------------------------------------------------------

--
-- Table structure for table `tblissuedbookdetails`
--

CREATE TABLE `tblissuedbookdetails` (
  `id` int(11) NOT NULL,
  `B_id` varchar(15) NOT NULL,
  `S_id` varchar(14) NOT NULL,
  `IssuesDate` timestamp NOT NULL DEFAULT CURRENT_TIMESTAMP,
  `ReturnDate` timestamp NOT NULL DEFAULT '0000-00-00 00:00:00' ON UPDATE CURRENT_TIMESTAMP,
  `ReturnStatus` int(1) NOT NULL,
  `Fine` decimal(11,0) NOT NULL DEFAULT '0'
) ENGINE=InnoDB DEFAULT CHARSET=latin1;

-- --------------------------------------------------------

--
-- Table structure for table `tblstudents`
--

CREATE TABLE `tblstudents` (
  `S_id` varchar(14) NOT NULL,
  `FullName` varchar(120) NOT NULL,
  `EmailId` varchar(120) NOT NULL,
  `MobileNumber` char(11) DEFAULT NULL,
  `Password` varchar(120) NOT NULL,
  `Status` int(1) DEFAULT '1',
  `Sem` int(2) NOT NULL,
  `Section` varchar(2) NOT NULL,
  `DateOfBirth` date DEFAULT NULL
) ENGINE=InnoDB DEFAULT CHARSET=latin1;

--
-- Dumping data for table `tblstudents`
--

INSERT INTO `tblstudents` (`S_id`, `FullName`, `EmailId`, `MobileNumber`, `Password`, `Status`, `Sem`, `Section`, `DateOfBirth`) VALUES
('SID002', 'Anuj kumar', 'anuj.lpu1@gmail.com', '9865472555', 'f925916e2754e5e03f75dd58a5733251', 1, 0, '', NULL),
('SID005', 'sdfsd', 'csfsd@dfsfks.com', '8569710025', '92228410fc8b872914e023160cf4ae8f', 0, 0, '', NULL),
('SID009', 'test', 'test@gmail.com', '2359874527', 'f925916e2754e5e03f75dd58a5733251', 1, 0, '', NULL),
('SID010', 'Amit', 'amit@gmail.com', '8585856224', 'f925916e2754e5e03f75dd58a5733251', 1, 0, '', NULL),
('SID011', 'Sarita Pandey', 'sarita@gmail.com', '4672423754', 'f925916e2754e5e03f75dd58a5733251', 1, 0, '', NULL),
('SID012', 'abc', 'abc@gm', '9090909090', '098f6bcd4621d373cade4e832627b4f6', 1, 0, '', NULL);

--
-- Indexes for dumped tables
--

--
-- Indexes for table `admin`
--
ALTER TABLE `admin`
  ADD PRIMARY KEY (`A_id`);

--
-- Indexes for table `tblauthors`
--
ALTER TABLE `tblauthors`
  ADD PRIMARY KEY (`Au_id`);

--
-- Indexes for table `tblbooks`
--
ALTER TABLE `tblbooks`
  ADD PRIMARY KEY (`B_id`),
  ADD KEY `C_id` (`C_id`),
  ADD KEY `Au_id` (`Au_id`);

--
-- Indexes for table `tblcategory`
--
ALTER TABLE `tblcategory`
  ADD PRIMARY KEY (`C_id`);

--
-- Indexes for table `tblissuedbookdetails`
--
ALTER TABLE `tblissuedbookdetails`
  ADD PRIMARY KEY (`id`),
  ADD KEY `B_id` (`B_id`),
  ADD KEY `S_id` (`S_id`);

--
-- Indexes for table `tblstudents`
--
ALTER TABLE `tblstudents`
  ADD PRIMARY KEY (`S_id`);

--
-- AUTO_INCREMENT for dumped tables
--

--
-- AUTO_INCREMENT for table `admin`
--
ALTER TABLE `admin`
  MODIFY `A_id` int(11) NOT NULL AUTO_INCREMENT;

--
-- AUTO_INCREMENT for table `tblauthors`
--
ALTER TABLE `tblauthors`
  MODIFY `Au_id` int(11) NOT NULL AUTO_INCREMENT, AUTO_INCREMENT=361;

--
-- AUTO_INCREMENT for table `tblcategory`
--
ALTER TABLE `tblcategory`
  MODIFY `C_id` int(11) NOT NULL AUTO_INCREMENT, AUTO_INCREMENT=9;

--
-- AUTO_INCREMENT for table `tblissuedbookdetails`
--
ALTER TABLE `tblissuedbookdetails`
  MODIFY `id` int(11) NOT NULL AUTO_INCREMENT;

--
-- Constraints for dumped tables
--

--
-- Constraints for table `tblbooks`
--
ALTER TABLE `tblbooks`
  ADD CONSTRAINT `tblbooks_ibfk_1` FOREIGN KEY (`C_id`) REFERENCES `tblcategory` (`c_id`) ON DELETE CASCADE ON UPDATE CASCADE,
  ADD CONSTRAINT `tblbooks_ibfk_2` FOREIGN KEY (`Au_id`) REFERENCES `tblauthors` (`Au_id`) ON DELETE CASCADE ON UPDATE CASCADE;

--
-- Constraints for table `tblissuedbookdetails`
--
ALTER TABLE `tblissuedbookdetails`
  ADD CONSTRAINT `tblissuedbookdetails_ibfk_1` FOREIGN KEY (`B_id`) REFERENCES `tblbooks` (`B_id`) ON DELETE CASCADE ON UPDATE CASCADE,
  ADD CONSTRAINT `tblissuedbookdetails_ibfk_2` FOREIGN KEY (`S_id`) REFERENCES `tblstudents` (`S_id`) ON DELETE CASCADE ON UPDATE CASCADE;
COMMIT;

/*!40101 SET CHARACTER_SET_CLIENT=@OLD_CHARACTER_SET_CLIENT */;
/*!40101 SET CHARACTER_SET_RESULTS=@OLD_CHARACTER_SET_RESULTS */;
/*!40101 SET COLLATION_CONNECTION=@OLD_COLLATION_CONNECTION */;
